ID_TIEMPO,FECHA,DIA,HORA,HORARIO
3c451bc4-a6ac-4833-83a2-346a32f5def8,2012-01-01,DOMINGO,12:15:00,DIURNO
21f45b0e-da6c-48ef-8a88-f15806e4028e,2012-01-01,DOMINGO,14:00:00,DIURNO
61a8e2e0-8fe7-467a-a5f6-09d3ed951832,2012-01-01,DOMINGO,12:00:00,DIURNO
74564dbe-4c4b-4ca4-a962-4fa8a12cc8c3,2012-01-01,DOMINGO,18:30:00,NOCTURNO
1813b5ac-8e66-4b56-a8c3-596d22d831bf,2012-01-01,DOMINGO,00:30:00,NOCTURNO
2eabfbc0-cc54-4e9a-aeb2-0a8612029a38,2012-01-01,DOMINGO,21:10:00,NOCTURNO
f2b21c27-0407-46f0-9e4f-4595c4a13ff8,2012-02-01,LUNES,13:50:00,DIURNO
9c28c095-9976-4f91-9803-f5df67b7f1d5,2012-02-01,LUNES,19:20:00,NOCTURNO
9e2e74d0-0b4b-4845-bcd5-04d7291b77cf,2012-02-01,LUNES,12:00:00,DIURNO
beced6a3-dfcd-494f-aab8-e2825cda5ebd,2012-02-01,LUNES,16:35:00,DIURNO
3f7d1518-4081-4bcb-8cfb-481f5a61074a,2012-02-01,LUNES,18:30:00,NOCTURNO
9ca117e6-2a94-418f-b42d-907fbd97402e,2012-02-01,LUNES,08:20:00,DIURNO
cfddbf82-654e-4b85-b2ba-66173be24f02,2012-02-01,LUNES,13:45:00,DIURNO
9ddd8aa5-0936-489f-9e21-9bd245cd24e2,2012-03-01,MARTES,17:10:00,DIURNO
46be3b53-8d3f-457f-937a-4e2b1099a921,2012-03-01,MARTES,06:45:00,DIURNO
52a3bb96-04b5-4875-b948-d499bca9752e,2012-03-01,MARTES,22:10:00,NOCTURNO
229cb8e5-01aa-4d0c-9c72-02fb787b92e4,2012-03-01,MARTES,18:10:00,NOCTURNO
b8dcef89-7983-4590-a599-fd67c0022b24,2012-03-01,MARTES,18:00:00,DIURNO
580e5ad5-7dc3-4440-9c67-d688e7635987,2012-03-01,MARTES,16:15:00,DIURNO
c180c53f-80f3-4ea0-b737-29c0acdd2ebf,2012-04-01,MIERCOLES,18:30:00,NOCTURNO
83fc8eff-3c15-4237-93a6-88cddfe6e10a,2012-04-01,MIERCOLES,19:00:00,NOCTURNO
cb42a642-0a2c-4c5a-ba10-2bba346efaa8,2012-04-01,MIERCOLES,12:15:00,DIURNO
905d6a42-488a-4050-863f-1b9e8bb24448,2012-04-01,MIERCOLES,13:50:00,DIURNO
361a0931-d9cc-49d0-902e-e9bf978cee87,2012-04-01,MIERCOLES,11:22:00,DIURNO
3f1817bf-fd6f-4724-8569-8241e25377a4,2012-04-01,MIERCOLES,20:40:00,NOCTURNO
71737ac0-d9dc-4d03-a8a8-36677bedbc0f,2012-04-01,MIERCOLES,20:30:00,NOCTURNO
0d75bdc0-7ff0-4ed3-a79f-54707d412b7a,2012-04-01,MIERCOLES,15:00:00,DIURNO
746d5e0c-c893-4008-b97a-2750b1378b93,2012-04-01,MIERCOLES,18:00:00,DIURNO
8f28836f-7f42-42c7-b2ca-f56eafdb318d,2012-04-01,MIERCOLES,18:40:00,NOCTURNO
f5af4f30-f9d9-4dda-b5d8-61518ffa8d1f,2012-05-01,JUEVES,13:00:00,DIURNO
25e35372-58db-4afd-bd2f-03a0f9fdb328,2012-05-01,JUEVES,17:45:00,DIURNO
4e8900b8-9c80-40a9-9f24-75c2b51c6f52,2012-05-01,JUEVES,19:50:00,NOCTURNO
30f459e9-ff3d-4eac-8743-37580dc46c47,2012-05-01,JUEVES,09:15:00,DIURNO
cd5c90f8-ddb1-41d4-ae3d-c442f7070260,2012-05-01,JUEVES,09:40:00,DIURNO
0590e379-a472-4e91-9428-0b596b59df85,2012-05-01,JUEVES,09:30:00,DIURNO
18b10381-ba09-41f3-af89-4fd716687d50,2012-05-01,JUEVES,09:00:00,DIURNO
db08e492-964e-4893-9e57-3862dbb79241,2012-05-01,JUEVES,10:40:00,DIURNO
7a6ea122-3bd0-4fcc-996b-f0604e9cb401,2012-05-01,JUEVES,07:15:00,DIURNO
ed58da80-3ce4-4afb-bd8c-211e638318ff,2012-05-01,JUEVES,09:30:00,DIURNO
2c9d6dc2-e2ea-4078-9556-075828420c2a,2012-05-01,JUEVES,10:20:00,DIURNO
13b81a11-0772-4e49-83af-928a27f4926c,2012-05-01,JUEVES,16:15:00,DIURNO
bc7c0f0d-74fc-4773-be22-ae49702a02d8,2012-06-01,VIERNES,10:15:00,DIURNO
b06378d4-5719-467f-b92d-19ff293a2a9f,2012-06-01,VIERNES,16:05:00,DIURNO
2e3fc3b5-58a4-4856-9f23-bb4b4fc86a1e,2012-06-01,VIERNES,15:10:00,DIURNO
f7a80566-e077-455b-8376-728be9987c20,2012-06-01,VIERNES,15:20:00,DIURNO
618f7d61-65c9-4df5-94e3-32963d626f24,2012-06-01,VIERNES,20:30:00,NOCTURNO
464dfe41-aa70-4f37-bacc-eabbe5c6b817,2012-06-01,VIERNES,11:45:00,DIURNO
66fca6ac-192e-48e4-9020-c1cdc60f92de,2012-06-01,VIERNES,05:40:00,NOCTURNO
e7943174-33d7-4e58-8245-2868854e1e55,2012-06-01,VIERNES,09:00:00,DIURNO
fe20d84b-938a-4218-8f37-5658a871cd2d,2012-06-01,VIERNES,19:30:00,NOCTURNO
19ec8ba3-86f8-4a8f-bdba-4b55141e6d16,2012-07-01,SABADO,17:00:00,DIURNO
5f7bdf7f-0633-4168-8076-67179a0fb266,2012-07-01,SABADO,18:55:00,NOCTURNO
1b485971-6a77-435c-b508-9059854c6a0b,2012-07-01,SABADO,09:10:00,DIURNO
d20b3236-7d21-4255-bbd6-717659b784ff,2012-07-01,SABADO,18:30:00,NOCTURNO
f32f8cc8-5a4d-4dbc-8a81-c08e39ac196d,2012-07-01,SABADO,09:40:00,DIURNO
62cc27c6-66ef-4329-b986-1486517e505c,2012-07-01,SABADO,11:45:00,DIURNO
3764b431-4869-4dc1-84a1-82141ce0300e,2012-07-01,SABADO,22:30:00,NOCTURNO
e1e20c76-42d0-41d3-8d64-b2d8fdcdc485,2012-07-01,SABADO,14:30:00,DIURNO
c28a287f-533f-46c4-9919-bda517d60e07,2012-08-01,DOMINGO,10:11:00,DIURNO
2e7d3853-587b-46e7-9bc7-49540193eb48,2012-08-01,DOMINGO,16:30:00,DIURNO
418a6bdf-a5b4-4f91-99ca-c4e1bac36b7f,2012-08-01,DOMINGO,01:00:00,NOCTURNO
9e28fe0e-ca9b-4130-9691-03a538905fbc,2012-08-01,DOMINGO,10:00:00,DIURNO
fcfd878c-2aab-4e4c-aacb-625af07d3821,2012-08-01,DOMINGO,10:45:00,DIURNO
0f78f61d-89d6-4646-976f-9c3a577af0cd,2012-08-01,DOMINGO,11:15:00,DIURNO
8626296f-f875-4f42-86ce-6b12efbc1806,2012-08-01,DOMINGO,04:45:00,NOCTURNO
9db73172-fc81-4318-9885-aae8e254f1dc,2012-09-01,LUNES,13:50:00,DIURNO
3bcb1640-bae3-4284-8051-a86d2a8b1fe8,2012-09-01,LUNES,14:40:00,DIURNO
b17b6668-d024-49e6-99b2-69ae011ec9e6,2012-09-01,LUNES,03:50:00,NOCTURNO
f836f6eb-67ad-4471-8e9c-aa1ee6d04ce2,2012-09-01,LUNES,18:30:00,NOCTURNO
be343924-f20d-4864-a443-a0c71ce79b24,2012-09-01,LUNES,13:00:00,DIURNO
22076737-31f3-4c37-b92b-efac05fbf8d9,2012-09-01,LUNES,17:10:00,DIURNO
7188f021-857c-49a1-9384-b02484e20cd7,2012-09-01,LUNES,14:05:00,DIURNO
0ad8855e-47fc-4f54-9704-a9427ce99242,2012-09-01,LUNES,20:00:00,NOCTURNO
a3eaeccb-2127-4f51-8a6b-8fe17ab8ad8a,2012-10-01,MARTES,09:00:00,DIURNO
732b84a5-03be-440e-817f-9f864dc4ba84,2012-10-01,MARTES,07:40:00,DIURNO
d1adea1a-d922-4376-bed7-eecc6f0467f5,2012-10-01,MARTES,10:30:00,DIURNO
c28f0fdc-41f4-4e24-9a98-41d8e60568de,2012-10-01,MARTES,00:17:00,NOCTURNO
81d8041e-8bd6-4008-a5a3-20ddf330be1a,2012-10-01,MARTES,10:40:00,DIURNO
61228131-ecbe-4a10-bacd-90e8424adbe6,2012-10-01,MARTES,14:10:00,DIURNO
56cb6016-1253-4b9b-9205-abb4a2a79675,2012-10-01,MARTES,16:30:00,DIURNO
8a3695c7-0854-4d0c-9239-bfef7f4b5952,2012-10-01,MARTES,03:50:00,NOCTURNO
3bfc2da1-b7c3-4918-b48e-8d9367b9f945,2012-10-01,MARTES,16:45:00,DIURNO
4095f28e-b356-498d-8e88-d35f1e8ab33a,2012-10-01,MARTES,18:15:00,NOCTURNO
7e12ae32-a48a-4ffd-a383-6611d8821a66,2012-10-01,MARTES,14:30:00,DIURNO
47e82aba-e0e0-404f-8c45-7bdae6c8c0ea,2012-10-01,MARTES,18:15:00,NOCTURNO
0153b124-4781-4136-b81a-65dd481f7d56,2012-11-01,MIERCOLES,22:30:00,NOCTURNO
1d2173b5-d1df-4824-a9ae-676a867679fe,2012-11-01,MIERCOLES,07:00:00,DIURNO
a33bd123-69a0-470c-aa6c-ab33f7e073a4,2012-11-01,MIERCOLES,11:20:00,DIURNO
a91764f3-406d-4dc0-8b7e-7d5de6b2009d,2012-11-01,MIERCOLES,11:15:00,DIURNO
5050bfad-e567-4cb7-8ef5-ff79b4cc886c,2012-11-01,MIERCOLES,15:40:00,DIURNO
29a2f3ce-cc5a-4087-9f6c-7a161e6a5780,2012-11-01,MIERCOLES,19:15:00,NOCTURNO
331ab217-597e-4c20-a625-4275720c711c,2012-11-01,MIERCOLES,15:01:00,DIURNO
4c921b9a-1365-415f-b4f9-8a9da0460127,2012-11-01,MIERCOLES,19:40:00,NOCTURNO
c7283a01-bccf-43d5-9cf0-dd10de99d78f,2012-11-01,MIERCOLES,16:30:00,DIURNO
10618780-0129-430b-a5f7-af910860c969,2012-11-01,MIERCOLES,14:10:00,DIURNO
0867f3b4-db69-49e4-b8ed-416df36a2ff7,2012-11-01,MIERCOLES,20:45:00,NOCTURNO
0433236e-dd68-4da7-bc60-5ffb7b7630ff,2012-11-01,MIERCOLES,22:10:00,NOCTURNO
55e7ce15-0476-413e-9fc8-1909fd7be655,2012-11-01,MIERCOLES,12:15:00,DIURNO
83464adc-2207-48e6-9ed7-9eafe5091e1f,2012-12-01,JUEVES,08:40:00,DIURNO
f919599e-86ba-45b5-a82c-6d64f501b9a5,2012-12-01,JUEVES,11:30:00,DIURNO
79fa509c-52c8-4136-a42e-0907381fb6b5,2012-12-01,JUEVES,18:45:00,NOCTURNO
6afaaf92-152e-4570-80cc-1e48b4a3bd82,2012-12-01,JUEVES,15:10:00,DIURNO
ca971806-b036-483a-b378-e6c6188fd857,2012-12-01,JUEVES,18:30:00,NOCTURNO
7246db4b-f2f4-4fb9-846e-062f0dd23d10,2012-12-01,JUEVES,08:10:00,DIURNO
f060288c-f316-4cbb-95f7-b76e2af5bc61,2012-01-13,VIERNES,17:45:00,DIURNO
81576499-1d05-4483-ba68-05869665e128,2012-01-13,VIERNES,12:30:00,DIURNO
7e790afa-17f2-447d-9bb3-864f73dd01b4,2012-01-13,VIERNES,05:20:00,NOCTURNO
52669b16-4827-46aa-89fd-2df48645119b,2012-01-13,VIERNES,06:55:00,DIURNO
5126abce-ae72-4da7-b0bd-ef0fa039a84b,2012-01-13,VIERNES,15:45:00,DIURNO
01920d9f-a273-4a60-97fd-82682ee75d1c,2012-01-13,VIERNES,18:20:00,NOCTURNO
94c5d4e0-1bbc-4003-91e3-988074bcb825,2012-01-13,VIERNES,15:00:00,DIURNO
b24fd973-cafd-49ae-9477-0f3418b26cab,2012-01-13,VIERNES,17:30:00,DIURNO
28a83ee8-a494-457d-ba9f-8c36db29a480,2012-01-13,VIERNES,18:20:00,NOCTURNO
88ef77e9-efc6-465a-84de-46869bdfa9be,2012-01-13,VIERNES,20:10:00,NOCTURNO
714df3d2-9077-4b50-b35d-1fdea948ed04,2012-01-13,VIERNES,01:50:00,NOCTURNO
5ed4a11a-0507-4f37-9637-a939cc73e862,2012-01-13,VIERNES,20:30:00,NOCTURNO
397bd3bf-3547-4d70-8689-c7829e1a52a0,2012-01-14,SABADO,16:27:00,DIURNO
47e58f44-126b-49e4-931e-67d0c012ace3,2012-01-14,SABADO,14:30:00,DIURNO
bebaca97-f255-4b48-b0d5-f5e268626281,2012-01-14,SABADO,18:00:00,DIURNO
d3d2c3ab-31bf-4def-b930-9e54d467c751,2012-01-14,SABADO,09:30:00,DIURNO
5f159f78-c564-4c61-aeef-f39f6f3276e8,2012-01-14,SABADO,03:40:00,NOCTURNO
24ba4dd6-71b3-4fbb-8843-b77fea63a002,2012-01-14,SABADO,06:10:00,DIURNO
012435f3-944b-49dd-9d6d-594fb2ad956e,2012-01-14,SABADO,09:34:00,DIURNO
19f84463-6f45-460a-a355-6fd31700bb31,2012-01-14,SABADO,12:30:00,DIURNO
fb682ebf-1fbd-4216-8596-75b516b0d17c,2012-01-14,SABADO,02:00:00,NOCTURNO
6c330150-e190-46d2-bc4a-23b654f4c982,2012-01-14,SABADO,07:40:00,DIURNO
4f267b62-4391-43c9-8135-9b8941437824,2012-01-14,SABADO,13:30:00,DIURNO
61dbb478-03cf-41e7-b1e4-80ec00fdbdb3,2012-01-14,SABADO,16:20:00,DIURNO
10ee3b37-bd05-42fa-a781-5b433321e2c5,2012-01-14,SABADO,08:40:00,DIURNO
01aa316f-ed35-4dcd-9e77-9ddcfe8ad592,2012-01-14,SABADO,22:40:00,NOCTURNO
8b67adb5-f733-48d5-835b-b69436b8da1e,2012-01-15,DOMINGO,19:26:00,NOCTURNO
d3fab062-9787-48ef-9f08-22acc22b490a,2012-01-15,DOMINGO,17:45:00,DIURNO
054e9ac2-0aae-4903-913c-bacfb9e07d98,2012-01-15,DOMINGO,17:50:00,DIURNO
92c584b1-96be-4997-a452-b4a0d493af89,2012-01-15,DOMINGO,08:10:00,DIURNO
5d9669ee-854c-41ec-b5b9-5d8a4ae0f30d,2012-01-15,DOMINGO,05:10:00,NOCTURNO
ad3c3509-ac87-458a-99f3-4e68f948a36c,2012-01-15,DOMINGO,11:45:00,DIURNO
3330e3fe-87da-45e6-8403-cbb9b435c2aa,2012-01-15,DOMINGO,13:15:00,DIURNO
02d9d1ca-a89a-4b0d-9c5a-4b07678ffda4,2012-01-15,DOMINGO,16:55:00,DIURNO
59cef358-e338-4bf4-9bd8-01e15df8ca6a,2012-01-15,DOMINGO,00:00:00,NOCTURNO
969050ac-cbe1-4c51-b736-f6b0540a6917,2012-01-15,DOMINGO,17:00:00,DIURNO
cf2d8bb0-8c70-4e06-9ee6-b7a87caf49f1,2012-01-15,DOMINGO,19:20:00,NOCTURNO
ef16f06d-18c7-4138-b8bd-4e07e59f4778,2012-01-16,LUNES,14:05:00,DIURNO
3ccd230c-4201-4ac9-8315-588a5ada7bd0,2012-01-16,LUNES,15:20:00,DIURNO
56fa8e36-70c8-40e6-b329-1392fc0ab23b,2012-01-16,LUNES,16:45:00,DIURNO
6ba88a85-6f2d-4b21-b032-59cf9c51be8e,2012-01-16,LUNES,14:30:00,DIURNO
141a3905-5014-4c45-8cef-612a79d4ac75,2012-01-16,LUNES,09:50:00,DIURNO
c3bb9d35-8c3d-4d6d-a462-8b943b92afdf,2012-01-16,LUNES,10:50:00,DIURNO
9a85923d-f311-4e34-b8d4-c37e1cd8feb5,2012-01-16,LUNES,10:20:00,DIURNO
0030bafe-afb2-4367-91ce-55a0727d4aa7,2012-01-16,LUNES,08:10:00,DIURNO
0a63a34f-e49f-42ad-ad05-4fe92ed2b0a3,2012-01-17,MARTES,15:50:00,DIURNO
174e77ef-f9eb-49c4-a431-4ad76e757568,2012-01-17,MARTES,12:00:00,DIURNO
4d3a8e8b-6fe4-42f8-8a73-35ba3d725782,2012-01-17,MARTES,06:50:00,DIURNO
fcc9dc1d-4ad7-4ea6-9000-1400b6494d53,2012-01-17,MARTES,09:55:00,DIURNO
cb684ea4-87f9-430c-bb22-21beb7950cf7,2012-01-17,MARTES,19:00:00,NOCTURNO
6c6f4ded-be16-4895-8b0e-cc672856da2f,2012-01-17,MARTES,09:00:00,DIURNO
6c36fd94-0b3e-4620-8281-b1284e228cd3,2012-01-17,MARTES,12:15:00,DIURNO
12b80ca3-9430-4460-9329-7e370ddad891,2012-01-17,MARTES,16:25:00,DIURNO
0292432e-1bcb-4828-b1cf-81cf0c8793d9,2012-01-17,MARTES,18:25:00,NOCTURNO
f49d4183-8579-4936-8abf-707d9f4b7796,2012-01-17,MARTES,10:00:00,DIURNO
506cf387-ebf5-477d-9045-6b887c226f48,2012-01-17,MARTES,06:20:00,DIURNO
44af48eb-eed7-448f-901c-241a0731399f,2012-01-17,MARTES,07:00:00,DIURNO
4d95d886-2238-4016-b1c0-672acac94baf,2012-01-18,MIERCOLES,10:20:00,DIURNO
9db30f26-5d61-4e13-9f83-18b8829adb79,2012-01-18,MIERCOLES,15:10:00,DIURNO
6ccb84ca-dfb8-4100-9259-0f570ce65639,2012-01-18,MIERCOLES,20:00:00,NOCTURNO
e248136c-3769-41c3-97cc-c6a038c4f153,2012-01-18,MIERCOLES,10:05:00,DIURNO
d1aba73c-2628-49db-9b9f-cfc9c8b31285,2012-01-18,MIERCOLES,20:30:00,NOCTURNO
d6cbc24f-3d70-4594-8167-b376ac5b219b,2012-01-18,MIERCOLES,16:40:00,DIURNO
84bfacfc-c1e2-4bee-b6aa-429e3cf56cc1,2012-01-18,MIERCOLES,07:15:00,DIURNO
dc7a3ce4-9ef2-43af-bacc-89a107c1aa60,2012-01-18,MIERCOLES,06:30:00,DIURNO
9fd0cc23-e331-40a2-a300-d1783157352f,2012-01-19,JUEVES,19:30:00,NOCTURNO
8a4ca7e3-d364-4766-a2a6-3d3fc62cfbee,2012-01-19,JUEVES,10:20:00,DIURNO
13b2daef-3dc6-4c2c-a3ee-e122fee16c51,2012-01-19,JUEVES,11:40:00,DIURNO
c97aa14f-5c80-4ef5-8eda-d70128f068a6,2012-01-19,JUEVES,00:36:00,NOCTURNO
42ef2ea4-9d40-49c7-a924-dd5c7617b20e,2012-01-19,JUEVES,01:45:00,NOCTURNO
bc18cac3-64aa-42a2-9b4c-3a8d707da4d6,2012-01-19,JUEVES,20:00:00,NOCTURNO
3695c725-eecb-4a63-949b-919ba9db6d0f,2012-01-19,JUEVES,12:30:00,DIURNO
43c14c05-78d7-403a-85a1-958593a5bfa6,2012-01-19,JUEVES,16:45:00,DIURNO
577de794-f307-44b0-a63c-5b066a4bb9d2,2012-01-20,VIERNES,17:00:00,DIURNO
ed19a9cf-c8f9-4bd1-acd8-c8942b0764bf,2012-01-20,VIERNES,23:50:00,NOCTURNO
bec9892f-6ec6-48a3-a18d-60100778979d,2012-01-20,VIERNES,10:40:00,DIURNO
10b58c87-41ef-4099-a995-9ae069a60b88,2012-01-20,VIERNES,14:30:00,DIURNO
fd25bb3b-03b3-4ea5-9fc8-db881ebe541c,2012-01-20,VIERNES,19:20:00,NOCTURNO
49188596-e4dd-421a-a51b-fe43e10f4362,2012-01-20,VIERNES,17:40:00,DIURNO
c46a0e30-7146-4897-859a-e29f1bc92f50,2012-01-20,VIERNES,19:30:00,NOCTURNO
438b2bd2-1a00-4970-a033-7aef2c4bb3fe,2012-01-20,VIERNES,11:00:00,DIURNO
4438dda0-45ef-4af5-8497-dff6db68d839,2012-01-20,VIERNES,15:30:00,DIURNO
bc6c6ade-f3f2-44a4-9a22-2aec549bd719,2012-01-20,VIERNES,06:50:00,DIURNO
45a3af91-10f0-4c2d-bc5f-7bd4c36db527,2012-01-20,VIERNES,13:30:00,DIURNO
ab6cac8a-8676-453d-b689-63698e4ff9ac,2012-01-20,VIERNES,05:40:00,NOCTURNO
7dda7f55-aa0c-43ee-827d-77ee816b20fb,2012-01-21,SABADO,15:20:00,DIURNO
ceda0336-2a1e-4dd6-a87c-809023cfb77e,2012-01-21,SABADO,19:00:00,NOCTURNO
97ac3293-35a1-466a-a6f6-539914d2b9bc,2012-01-21,SABADO,16:30:00,DIURNO
372d167c-8e34-4278-bed5-36e31a03fcd9,2012-01-21,SABADO,17:20:00,DIURNO
ccf8e254-79ea-4fcd-9e5b-bfeafd3ac873,2012-01-21,SABADO,18:50:00,NOCTURNO
68030010-2dd4-4a36-8878-a47e3f1d452a,2012-01-21,SABADO,11:15:00,DIURNO
c60094bd-8b72-4958-b44a-d616e75a76fd,2012-01-21,SABADO,16:00:00,DIURNO
486742cc-a642-4a1d-aee7-52f1604f93e3,2012-01-21,SABADO,18:15:00,NOCTURNO
5139fd83-a3a2-4378-a92a-30e2ebc5369d,2012-01-21,SABADO,20:50:00,NOCTURNO
fbbfa1d4-323d-4b9b-bce2-ba534a235cb2,2012-01-21,SABADO,13:33:00,DIURNO
6ddde78a-191e-4457-93fb-46d1d1d83046,2012-01-21,SABADO,05:50:00,NOCTURNO
3201bd06-bcb3-4f09-8568-4bec9b84149b,2012-01-21,SABADO,15:10:00,DIURNO
0a1e2771-cb35-40a8-a963-1a81e25037eb,2012-01-22,DOMINGO,02:00:00,NOCTURNO
abc0dd58-ea76-4c14-8fbb-617cf4509f22,2012-01-22,DOMINGO,22:00:00,NOCTURNO
009ac0a0-f713-450c-a6f6-1b64557fab8d,2012-01-22,DOMINGO,05:50:00,NOCTURNO
c62e9313-22a5-46a5-b651-f39197dc8edc,2012-01-22,DOMINGO,18:00:00,DIURNO
baf24851-0c7b-4d8b-8115-f2cb96a16195,2012-01-22,DOMINGO,19:43:00,NOCTURNO
af92b0dc-31b2-4980-b1e4-94523e93b695,2012-01-22,DOMINGO,00:35:00,NOCTURNO
3f56c0df-e958-4dd8-9111-66f33d3d5d8d,2012-01-22,DOMINGO,23:15:00,NOCTURNO
03d5cfdf-3501-4dcc-8ea2-042c95729790,2012-01-23,LUNES,20:40:00,NOCTURNO
8ea96feb-ed62-41ee-8841-25f6efad7df4,2012-01-23,LUNES,14:30:00,DIURNO
50f55eb5-a130-4564-b2d6-8aa9f27e039f,2012-01-23,LUNES,12:35:00,DIURNO
0cda6a56-d4d5-4bb8-8037-fc5d2ef64e0b,2012-01-23,LUNES,14:50:00,DIURNO
1aae2b6d-da40-476c-af8f-8cd670cfa3c7,2012-01-23,LUNES,17:00:00,DIURNO
6dac3eb0-402c-4ec7-919a-e7293b73a8d3,2012-01-23,LUNES,19:35:00,NOCTURNO
1f5e1698-36f3-4a89-9ab5-189feb015d8c,2012-01-23,LUNES,16:05:00,DIURNO
1df832d5-70a2-40d8-9b0f-f1b4402571de,2012-01-23,LUNES,18:30:00,NOCTURNO
bb65426f-64fc-4d54-ad12-f46163d8ead3,2012-01-23,LUNES,08:00:00,DIURNO
c4d67615-b9a7-4d99-9312-3ec271646a91,2012-01-23,LUNES,08:45:00,DIURNO
16149dca-ca7a-4e89-b06d-456f7ca96b20,2012-01-23,LUNES,22:25:00,NOCTURNO
0c1d0362-872d-4baa-8cd9-8b44542317bb,2012-01-23,LUNES,15:50:00,DIURNO
bfa7d8d3-13c1-46f4-ac09-7303109fd11c,2012-01-23,LUNES,13:00:00,DIURNO
ab396d54-519a-41d2-ae65-c90bf5117d37,2012-01-23,LUNES,09:00:00,DIURNO
eab3c122-5762-453f-bd3e-d278d537ce42,2012-01-23,LUNES,13:20:00,DIURNO
f3c36fce-f50a-4283-84c0-ca534ede38b1,2012-01-23,LUNES,09:20:00,DIURNO
3e849205-e3b7-48b0-a150-66c665f56749,2012-01-23,LUNES,15:25:00,DIURNO
4742a89e-e22f-41c5-8a81-a603b0dd884c,2012-01-24,MARTES,10:45:00,DIURNO
ceef13a4-c41d-4d5d-89d7-3a1c1392d350,2012-01-24,MARTES,08:20:00,DIURNO
0a144ecf-af9f-4c76-acc5-b51dd856f37d,2012-01-24,MARTES,19:30:00,NOCTURNO
e7468253-0d8c-4438-a3ca-7748d618e616,2012-01-24,MARTES,09:30:00,DIURNO
6da07545-04e2-490b-8f6e-d8ce07ebb62e,2012-01-25,MIERCOLES,17:00:00,DIURNO
f1115cb6-d6e8-4148-bea0-e59edeed3346,2012-01-25,MIERCOLES,05:45:00,NOCTURNO
eda52f95-3095-4312-ab03-8322c85bdf2e,2012-01-25,MIERCOLES,10:15:00,DIURNO
ba3e79ec-4bb6-44b4-8aaf-b6c5cd763204,2012-01-25,MIERCOLES,12:15:00,DIURNO
92346e0e-a58c-4b65-bb9f-d9d9252fe1b1,2012-01-25,MIERCOLES,15:10:00,DIURNO
b51fa119-52ed-4813-8c3f-7fe3478823f8,2012-01-25,MIERCOLES,19:40:00,NOCTURNO
f7e9b606-807b-4c47-be82-34f4b72e8d51,2012-01-25,MIERCOLES,07:30:00,DIURNO
1003d0a2-a61d-4a4a-a55a-a1036b372837,2012-01-25,MIERCOLES,16:50:00,DIURNO
9036be89-e863-445b-8a98-d7643be7955f,2012-01-25,MIERCOLES,10:00:00,DIURNO
713ce8e5-86ff-4b65-be73-58adcc4523ff,2012-01-25,MIERCOLES,12:05:00,DIURNO
09e270a5-67d9-4ba9-93e9-1b92eaf34cb7,2012-01-25,MIERCOLES,10:10:00,DIURNO
9dd590ce-6563-4b9c-b123-c3fd1a0f6644,2012-01-25,MIERCOLES,12:30:00,DIURNO
985e19ce-f487-4498-9619-c0e4ef61e0a4,2012-01-25,MIERCOLES,00:30:00,NOCTURNO
18243ba5-e542-47ec-bb85-be8d4203193e,2012-01-26,JUEVES,16:40:00,DIURNO
6dd2fd80-8f15-4c58-bd37-0505b578820f,2012-01-26,JUEVES,07:25:00,DIURNO
784ceeae-4495-4ddb-bad6-6e960d32fc83,2012-01-26,JUEVES,14:40:00,DIURNO
6ff63391-fe2f-46c2-b4b0-438155f437b4,2012-01-26,JUEVES,09:14:00,DIURNO
6396951b-2cf2-4663-ae9d-dc04734c5506,2012-01-26,JUEVES,12:30:00,DIURNO
2234ec9d-2733-4ed2-a5e0-dfd10abb348d,2012-01-26,JUEVES,11:10:00,DIURNO
603e7507-7f13-44a8-bdce-51e10bc29095,2012-01-26,JUEVES,21:30:00,NOCTURNO
ba1c8ccb-9b3a-40c1-87b1-5a440db9340c,2012-01-26,JUEVES,07:30:00,DIURNO
3a186172-5533-44be-8e03-4b37b23143b1,2012-01-26,JUEVES,09:45:00,DIURNO
21a10630-e954-461f-b006-761335948ad7,2012-01-26,JUEVES,09:25:00,DIURNO
c0d35a79-2a8d-4e80-b771-187ceb4b96a1,2012-01-26,JUEVES,11:45:00,DIURNO
eb1101a7-628a-4bbb-8260-0771ef32d378,2012-01-26,JUEVES,14:52:00,DIURNO
b4334458-1c3d-460f-8751-f9083f259bb3,2012-01-26,JUEVES,18:30:00,NOCTURNO
b00778fb-46b0-4e7c-8c88-070f83b86663,2012-01-27,VIERNES,11:40:00,DIURNO
e73c9f00-5e12-419f-a701-a8f42ba962fa,2012-01-27,VIERNES,10:20:00,DIURNO
d3b4ba77-9acc-4ef8-b0d9-b3e5300b31d4,2012-01-27,VIERNES,12:05:00,DIURNO
c62e5093-f42e-4c29-97d0-723e941a78f4,2012-01-27,VIERNES,23:30:00,NOCTURNO
e79af7d6-5076-4847-842c-71798d44bc46,2012-01-27,VIERNES,12:40:00,DIURNO
691d01a0-d6b4-44eb-aa03-89788af6574e,2012-01-27,VIERNES,15:45:00,DIURNO
488b9c24-b10d-43be-a49c-ff4d61f3efe1,2012-01-27,VIERNES,19:20:00,NOCTURNO
80616001-3fe2-4238-8242-a2fbdcb47cbb,2012-01-27,VIERNES,20:10:00,NOCTURNO
b1027ffb-a6cd-4122-81aa-ff748e8c43b5,2012-01-27,VIERNES,16:20:00,DIURNO
f735e3f9-d75c-4b75-a49b-a4e5c76733a7,2012-01-27,VIERNES,18:25:00,NOCTURNO
f7e18e21-0420-4617-8935-6fad20d85dce,2012-01-27,VIERNES,15:40:00,DIURNO
ef56290b-352f-46e7-b6d3-18ad29438b44,2012-01-28,SABADO,17:10:00,DIURNO
5481768b-65f9-4320-b1c8-e2d0aeb2f7a2,2012-01-28,SABADO,19:10:00,NOCTURNO
3bc6a4f5-9916-4036-906c-12d4c7dc9c8f,2012-01-28,SABADO,15:15:00,DIURNO
21ac55e7-1bea-438a-9bba-e10264904608,2012-01-28,SABADO,19:00:00,NOCTURNO
d59656fe-f91e-4eb9-b43d-f6c5920fe5c3,2012-01-28,SABADO,22:00:00,NOCTURNO
e3210325-3f43-4fd4-8914-bf006d2463ac,2012-01-28,SABADO,23:00:00,NOCTURNO
ed848951-6453-440f-a52c-4fd055842b61,2012-01-28,SABADO,04:10:00,NOCTURNO
80b04ac8-6d1c-4701-a59e-d5f063bdaece,2012-01-28,SABADO,21:52:00,NOCTURNO
86c0e35d-0fa2-405d-9752-79c7b3fa2c98,2012-01-28,SABADO,12:15:00,DIURNO
6dc43630-4f47-4eb5-b6c7-6b361c24f395,2012-01-28,SABADO,14:40:00,DIURNO
b7f32362-3763-419a-989b-e530ffd36211,2012-01-28,SABADO,08:15:00,DIURNO
9b0ed337-44b3-461a-8740-18b27d2b3686,2012-01-28,SABADO,10:30:00,DIURNO
9ad5ae0c-cc30-49b7-91f8-cf9e4dd84ad2,2012-01-28,SABADO,07:30:00,DIURNO
1205f4ca-7b2b-4a24-a889-a88988e30e7e,2012-01-28,SABADO,04:00:00,NOCTURNO
39a9d395-bf27-48e0-9556-9049f4cbe0cb,2012-01-28,SABADO,13:45:00,DIURNO
cd14ab21-6f2a-44ee-86d2-ae5b7f990bfd,2012-01-28,SABADO,16:45:00,DIURNO
9de39593-55c2-475b-8fa7-24c2ca3c7953,2012-01-28,SABADO,16:20:00,DIURNO
53a22c22-5d70-4507-a732-0c66f639da57,2012-01-28,SABADO,19:10:00,NOCTURNO
29d80de3-701a-4573-aaf7-3c8ac32927c5,2012-01-29,DOMINGO,02:50:00,NOCTURNO
44a3e70f-60c3-4756-be8a-1b032b76e606,2012-01-29,DOMINGO,04:00:00,NOCTURNO
903a36e6-12d8-4d84-8d9d-d8de04a73e97,2012-01-29,DOMINGO,07:40:00,DIURNO
623e4538-fe42-4659-bac2-1997c09940a1,2012-01-29,DOMINGO,08:30:00,DIURNO
3fa3844f-8edc-4851-93d2-bf9b4dbc08d4,2012-01-29,DOMINGO,15:10:00,DIURNO
9bfee1d3-df3b-4546-96af-ed7d494aa34b,2012-01-30,LUNES,17:40:00,DIURNO
5c42a430-fbe9-4e2e-a18c-23d25d33f6d2,2012-01-30,LUNES,06:00:00,NOCTURNO
733730f0-a26b-4524-a9d4-9f2ff457013b,2012-01-30,LUNES,07:15:00,DIURNO
9bda7d13-4c82-4996-b5ef-74264337bb90,2012-01-30,LUNES,11:15:00,DIURNO
c25d76e0-40dc-40d9-812b-b8b03e144539,2012-01-30,LUNES,12:30:00,DIURNO
f0c1405c-5b66-4f9e-8423-2868ca326ff6,2012-01-30,LUNES,16:20:00,DIURNO
8f990540-7070-467a-a64a-9f8053814edd,2012-01-30,LUNES,17:50:00,DIURNO
ad2abba5-590b-4f03-a762-c5203c532533,2012-01-30,LUNES,16:45:00,DIURNO
ca23c267-4c25-4703-8e95-2cd5ec2edb7c,2012-01-30,LUNES,09:50:00,DIURNO
c7d1b6a4-31bb-49bb-b90a-cf6b40449916,2012-01-30,LUNES,12:10:00,DIURNO
4920b59a-d7ec-4f3e-96eb-d4d619ec9b1e,2012-01-31,MARTES,16:00:00,DIURNO
2ab5de15-a24e-423d-bade-713a67205db5,2012-01-31,MARTES,08:10:00,DIURNO
51d801f8-fa33-4178-956e-9704624e023b,2012-01-31,MARTES,09:50:00,DIURNO
bd27badc-23f5-4d2b-9cce-55a967c94c9c,2012-01-31,MARTES,09:30:00,DIURNO
53c65ecb-59cd-4b61-8dbd-fa2579df7a75,2012-01-31,MARTES,11:05:00,DIURNO
86bb0ae7-7239-4a3a-aea1-f97b0f9b85fe,2012-01-31,MARTES,11:50:00,DIURNO
29db92c5-c3fb-415c-a524-29a26527621f,2012-01-31,MARTES,15:00:00,DIURNO
40ca8ed2-f806-49fb-81ff-564b6c5db96f,2012-01-31,MARTES,10:15:00,DIURNO
35f1943b-4d97-46cd-b408-e4e86c045a4e,2012-01-31,MARTES,12:40:00,DIURNO
0a93d0dd-b9c0-48ad-9ceb-537936ca3e85,2012-01-31,MARTES,13:23:00,DIURNO
54c48845-d5fe-4ee5-a470-8124d2e77f48,2012-01-31,MARTES,21:00:00,NOCTURNO
de0d8560-a54b-43c1-acff-d490c859f8f5,2012-01-31,MARTES,19:00:00,NOCTURNO
7e89a852-831e-41db-bef5-b10c695367bb,2012-01-31,MARTES,19:30:00,NOCTURNO
8baf6dfb-9baa-4cd8-b4cf-70213f1d6756,2012-01-31,MARTES,15:30:00,DIURNO
16e63d6e-8afa-4747-bf26-5a53443c8d4b,2012-01-31,MARTES,18:20:00,NOCTURNO
59de182f-aa01-4032-9d45-327217a5bd00,2012-01-31,MARTES,19:40:00,NOCTURNO
de1e6226-cdbf-4ffc-b811-bfd432925c90,2012-01-31,MARTES,08:30:00,DIURNO
9112b95e-fcbb-4163-9a0f-c587ba115a22,2012-01-31,MARTES,10:00:00,DIURNO
e582d363-1dce-4c08-ab4c-7c99d77b595b,2012-01-02,MIERCOLES,20:35:00,NOCTURNO
2061f14a-4469-4cfb-be23-291a98550acd,2012-01-02,MIERCOLES,13:00:00,DIURNO
67cfaeea-0a6b-4195-9720-8df843054aa2,2012-01-02,MIERCOLES,12:10:00,DIURNO
97e2a890-7a2d-4503-b952-fb5fd4f0303b,2012-01-02,MIERCOLES,07:30:00,DIURNO
277fbcae-39c6-4870-b755-c1d4e25cfd15,2012-01-02,MIERCOLES,12:30:00,DIURNO
b10354a6-4168-4db0-9d4e-7cb85a97ec95,2012-01-02,MIERCOLES,09:00:00,DIURNO
10f8595c-6bc9-455e-8319-a4977540a366,2012-01-02,MIERCOLES,07:30:00,DIURNO
e946c564-3657-4157-8525-87c709139573,2012-01-02,MIERCOLES,12:50:00,DIURNO
e7c8d844-c6bf-4b19-b7cd-7c0c2bb710d4,2012-01-02,MIERCOLES,15:00:00,DIURNO
5fefd07f-8656-4a18-b35e-d07c1c3d1637,2012-02-02,JUEVES,06:05:00,DIURNO
7db1d9ce-92d1-4779-8369-b6a390b851fb,2012-02-02,JUEVES,10:05:00,DIURNO
71303eb4-fef2-469a-b5a9-c9e95305b7f4,2012-02-02,JUEVES,06:20:00,DIURNO
42b65004-418b-42ce-8fc3-c44616dfc306,2012-02-02,JUEVES,07:30:00,DIURNO
4d2102e8-a53f-4845-877f-ed588d2dbb4f,2012-02-02,JUEVES,09:50:00,DIURNO
104c2a0e-ef7b-4bc0-bc87-f456253d6bfb,2012-02-02,JUEVES,00:13:00,NOCTURNO
391163ae-ec02-422d-89f4-9e7fdbbf6732,2012-02-02,JUEVES,11:40:00,DIURNO
333ecfd9-4f9d-4cdb-b70c-7c76516303a3,2012-03-02,VIERNES,11:40:00,DIURNO
97413499-c04d-42eb-8342-9e9380bdaae3,2012-03-02,VIERNES,20:10:00,NOCTURNO
7f4fded8-78b3-4c21-b500-29aa6bbbea1b,2012-03-02,VIERNES,19:00:00,NOCTURNO
7d3a6f8b-448a-4b44-9a5d-f3dc087b8365,2012-03-02,VIERNES,06:15:00,DIURNO
b0245e8b-6ca2-434e-9b9f-f34946a4ff3a,2012-03-02,VIERNES,10:40:00,DIURNO
c4029e41-43cb-4c3a-8a37-853b9b27012d,2012-04-02,SABADO,17:50:00,DIURNO
6b829001-ca1b-4fde-8516-abb366644248,2012-04-02,SABADO,20:00:00,NOCTURNO
1937c8dd-0fc6-4104-9070-a748ca01a991,2012-04-02,SABADO,15:00:00,DIURNO
24d86023-c2f7-4332-bcd6-3fb38060a723,2012-04-02,SABADO,09:00:00,DIURNO
82f4acd5-497c-4db8-803f-96d93cf22fc3,2012-04-02,SABADO,16:10:00,DIURNO
48ff5757-abe0-44bc-9d25-765de646d44a,2012-04-02,SABADO,10:30:00,DIURNO
aaca93a0-be0f-4919-bf05-b1440f96aa4f,2012-04-02,SABADO,00:35:00,NOCTURNO
64dd8511-3b93-4ee0-980b-0f7cc9e19084,2012-04-02,SABADO,22:30:00,NOCTURNO
b598c159-d43c-4314-bf0a-f63b8afb6350,2012-04-02,SABADO,15:15:00,DIURNO
38f17da1-49d7-4de3-bf31-7c08cfc5d139,2012-04-02,SABADO,19:00:00,NOCTURNO
9bfbf1c4-3b07-4205-8354-425829c91f38,2012-05-02,DOMINGO,16:00:00,DIURNO
0ee2612d-486f-478b-ad6c-fc66c0a58f73,2012-05-02,DOMINGO,16:16:00,DIURNO
c32a0771-9aaa-46f5-ac4e-4f1c67ccbcf1,2012-05-02,DOMINGO,18:00:00,DIURNO
e5a3ba0e-58d0-4c59-8fef-162cbcbc7ecf,2012-05-02,DOMINGO,06:28:00,DIURNO
03a3a07e-6953-494a-9f15-00eef06eb2f9,2012-05-02,DOMINGO,10:50:00,DIURNO
beee5269-aa61-411f-8bee-beb04401bad1,2012-05-02,DOMINGO,19:05:00,NOCTURNO
0dca312d-3dc5-4b60-8046-6355f66888a9,2012-05-02,DOMINGO,19:10:00,NOCTURNO
85245bd9-8a74-44ca-94ac-0a5cff4f6afd,2012-05-02,DOMINGO,09:35:00,DIURNO
59ab8438-27b0-4c55-b715-0abb004b89f9,2012-05-02,DOMINGO,01:10:00,NOCTURNO
b22bf0fa-bac5-44eb-8f64-5328853f1c10,2012-05-02,DOMINGO,09:30:00,DIURNO
0c82d676-16be-4cf2-821f-de577122e513,2012-05-02,DOMINGO,13:00:00,DIURNO
9f08c05d-1c0b-419e-ac9e-f0b7f94e0291,2012-05-02,DOMINGO,17:00:00,DIURNO
2bf92154-ef58-4d20-ae83-ad8813000bd2,2012-05-02,DOMINGO,01:10:00,NOCTURNO
4bdd19d8-1792-4ea6-b866-6b964b1e9071,2012-06-02,LUNES,10:30:00,DIURNO
82402d37-a3da-41ff-8669-4b65cdf722aa,2012-06-02,LUNES,10:15:00,DIURNO
b0f87c90-54bf-4e7b-9703-62c01be98c9a,2012-06-02,LUNES,13:40:00,DIURNO
561af7e6-d7e9-4406-b78c-3c208a2f2734,2012-06-02,LUNES,18:50:00,NOCTURNO
aeffb92c-8f2a-4749-b05a-36cfbd6e6ca4,2012-06-02,LUNES,16:30:00,DIURNO
bb8f1bcf-a976-48a0-95fc-b2883106ea04,2012-06-02,LUNES,21:20:00,NOCTURNO
2beb6e91-a95e-42fa-a8c6-10f807630741,2012-06-02,LUNES,19:00:00,NOCTURNO
3435fffd-4b9f-41e4-91b4-d26bdd8cc17c,2012-06-02,LUNES,23:55:00,NOCTURNO
f27c7a33-ad03-4575-be1d-2b584cdbbc2c,2012-06-02,LUNES,16:00:00,DIURNO
7418c57e-9593-4a06-8716-ae9009997f56,2012-06-02,LUNES,14:10:00,DIURNO
692e222b-9caf-4ce8-81a8-da6c72aa75d0,2012-06-02,LUNES,18:45:00,NOCTURNO
ccc9e6eb-8333-42e7-acf4-c8a1c9a061b3,2012-06-02,LUNES,09:30:00,DIURNO
ecba640c-7bfd-408e-9c0e-68dec2b4958b,2012-07-02,MARTES,07:55:00,DIURNO
1b22e838-2c55-4e5e-a2ee-4d2dd4a026d2,2012-07-02,MARTES,08:30:00,DIURNO
03e678d5-c271-449e-a9bb-e7afd8091cd4,2012-07-02,MARTES,06:45:00,DIURNO
e98d3728-8e13-434d-8bc4-4b775d07db65,2012-07-02,MARTES,08:50:00,DIURNO
bbe08072-9315-430b-943c-59b5fe79ce3b,2012-07-02,MARTES,08:50:00,DIURNO
2dd77093-6467-4f34-8b18-406b1357cf79,2012-07-02,MARTES,06:40:00,DIURNO
4ce38baa-220b-41ab-9319-90d9adf45bda,2012-07-02,MARTES,06:00:00,NOCTURNO
0007accf-7e39-42db-8ff6-284ea69335c5,2012-07-02,MARTES,11:40:00,DIURNO
7ff64709-0812-4592-900c-e04dab2dd0cd,2012-07-02,MARTES,17:55:00,DIURNO
df7be69a-d8cf-430f-a037-cebfe5af1746,2012-07-02,MARTES,19:01:00,NOCTURNO
c2ca12bf-8dbd-4c11-a578-81068bed8346,2012-07-02,MARTES,17:30:00,DIURNO
d6cbf0dc-b952-40f1-a52c-b6f733a92239,2012-07-02,MARTES,19:40:00,NOCTURNO
d87fec97-ac49-4590-be44-247d2de53ab1,2012-07-02,MARTES,16:25:00,DIURNO
2d51b70a-e203-4e8d-bf26-10f5e448f0b8,2012-07-02,MARTES,20:30:00,NOCTURNO
dd532763-4161-4f21-b3bc-54caeb738d51,2012-07-02,MARTES,19:30:00,NOCTURNO
23dbb26c-9dc3-4a06-8691-f575f20279f6,2012-08-02,MIERCOLES,09:10:00,DIURNO
d05b13f6-a25d-4506-8b5b-23f468fcd85e,2012-08-02,MIERCOLES,12:05:00,DIURNO
3d123d9e-c635-49c2-9afa-edf26b7e68ca,2012-08-02,MIERCOLES,06:00:00,NOCTURNO
8b2ecd44-1449-41f6-8495-28714c143b2b,2012-08-02,MIERCOLES,09:50:00,DIURNO
e62bfd42-dbc2-4516-8288-585dcd341b91,2012-08-02,MIERCOLES,08:00:00,DIURNO
f52d4944-1363-4eee-b3d8-9592a3fa5cb3,2012-08-02,MIERCOLES,09:20:00,DIURNO
9796ebd6-b41b-499b-9a67-369fa8e1c173,2012-08-02,MIERCOLES,09:15:00,DIURNO
0b2fec23-6984-4631-8d75-fa7644c2ec08,2012-08-02,MIERCOLES,08:10:00,DIURNO
00fa8c9a-dc57-4e96-8860-7ced7deaeaa6,2012-08-02,MIERCOLES,08:10:00,DIURNO
44ed0962-7d38-4343-9402-9965d2d4861c,2012-08-02,MIERCOLES,15:30:00,DIURNO
63fe3962-9e4b-471f-97ea-181db328ab60,2012-08-02,MIERCOLES,20:05:00,NOCTURNO
a3594687-b32d-4f79-9cee-5daa968574b1,2012-08-02,MIERCOLES,21:15:00,NOCTURNO
c6c1160e-a767-47a2-8f0a-7d95cd31398c,2012-08-02,MIERCOLES,13:30:00,DIURNO
34dd54d2-e152-489e-b6e8-235403c1eb5f,2012-08-02,MIERCOLES,15:40:00,DIURNO
1ae708e6-4e64-4330-8556-c8d1c8a73427,2012-09-02,JUEVES,06:30:00,DIURNO
bb0f8c86-d877-4b0a-ad1f-f94e65ee10b9,2012-09-02,JUEVES,12:45:00,DIURNO
ccff424b-542d-43e3-8747-0e1a4e61806d,2012-09-02,JUEVES,06:50:00,DIURNO
6eb1d12f-0481-4011-90de-66dd6d9c7390,2012-09-02,JUEVES,12:25:00,DIURNO
80ed4ae1-bf10-4b1f-9ed1-4546961838e4,2012-09-02,JUEVES,17:00:00,DIURNO
edd84ba2-f9ef-4317-96c9-4f7c06fde066,2012-09-02,JUEVES,19:15:00,NOCTURNO
f3de7ecd-3bc3-434c-9ec0-e57c221483b1,2012-09-02,JUEVES,12:10:00,DIURNO
c41a3097-fdc8-4c1b-9495-6431f5588938,2012-10-02,VIERNES,18:30:00,NOCTURNO
c8d324d4-5ec0-4f02-b342-f27b82b0a7c9,2012-10-02,VIERNES,11:49:00,DIURNO
3b1a1744-6345-4c5a-a099-2e9c18dc3bcc,2012-10-02,VIERNES,07:10:00,DIURNO
f1fc65dd-5cff-4387-b5df-a0a364610653,2012-10-02,VIERNES,11:40:00,DIURNO
b076ae14-a02c-4072-b33d-ba3494c23890,2012-10-02,VIERNES,16:50:00,DIURNO
9867256c-300a-49fd-9e89-865c106136d9,2012-10-02,VIERNES,07:00:00,DIURNO
9b7f1f5f-310b-4a40-8951-5687ce432f16,2012-10-02,VIERNES,14:00:00,DIURNO
863d9583-34f0-49b0-ae46-42901051968b,2012-10-02,VIERNES,19:40:00,NOCTURNO
0e4337a2-2ac8-4d3d-9e92-e8987558cd7e,2012-10-02,VIERNES,16:30:00,DIURNO
928ea2fb-ef86-4590-b9ed-47cec9a214d9,2012-10-02,VIERNES,19:15:00,NOCTURNO
d937695f-fbc7-497d-9501-a67d28a4613d,2012-10-02,VIERNES,15:30:00,DIURNO
0e9527c5-c25f-4268-ab80-cc6230d69d52,2012-10-02,VIERNES,18:08:00,NOCTURNO
c8eb0ffe-9b5f-4625-87c0-669bb1e89e10,2012-10-02,VIERNES,02:10:00,NOCTURNO
ebf31079-08cf-4314-8d4c-d8393ae46ea7,2012-11-02,SABADO,23:20:00,NOCTURNO
dd4591fd-8a83-4b07-ad89-a2735f9e1c9a,2012-11-02,SABADO,22:40:00,NOCTURNO
10c3bb16-05f7-4735-adfe-c3a7c8d58114,2012-11-02,SABADO,13:00:00,DIURNO
108b503e-af70-45e1-8377-fb1cd899211c,2012-11-02,SABADO,14:10:00,DIURNO
6287b72d-693b-49a9-a4e9-e5e77c69e02b,2012-11-02,SABADO,18:30:00,NOCTURNO
a4308e78-5604-4027-abe1-dd6a7185bc95,2012-11-02,SABADO,07:20:00,DIURNO
1522efbe-c0df-436f-b768-4dadf950944d,2012-11-02,SABADO,16:00:00,DIURNO
0669c3d4-5f35-40a0-865b-3d862d16cc05,2012-11-02,SABADO,20:15:00,NOCTURNO
d7e3b044-cc9e-48a8-803a-e180aa99392a,2012-11-02,SABADO,22:50:00,NOCTURNO
0b9587a8-72f5-4a13-a0cc-8d0d9ffca31e,2012-11-02,SABADO,21:45:00,NOCTURNO
2bc55359-b63a-4bef-87d9-0c974b6a770b,2012-12-02,DOMINGO,04:45:00,NOCTURNO
b6ae7bc9-106c-477f-8cb6-e5568728a0bc,2012-12-02,DOMINGO,20:10:00,NOCTURNO
c0f1e76f-7078-41f2-a195-a94b2fae10fe,2012-12-02,DOMINGO,09:00:00,DIURNO
7b58f120-0e63-4012-bd41-994f4de20a59,2012-12-02,DOMINGO,15:30:00,DIURNO
f994ceaf-9941-4ae1-bd83-372f4265f696,2012-12-02,DOMINGO,06:40:00,DIURNO
baff7a0d-c7ee-452d-9ad3-126983d64d20,2012-12-02,DOMINGO,13:40:00,DIURNO
0eafeb64-1f99-4f29-b68a-27fb4d33f237,2012-12-02,DOMINGO,11:40:00,DIURNO
fbc0d42a-f452-4351-9c50-051a80e4dc49,2012-12-02,DOMINGO,10:30:00,DIURNO
651df46d-3c5b-4455-be27-6f8bc06a1835,2012-12-02,DOMINGO,14:00:00,DIURNO
22fd5afe-a0b7-4571-a3ac-cf65782ba654,2012-12-02,DOMINGO,16:00:00,DIURNO
7b36c9bc-71d0-4019-8497-ff9071b4ec16,2012-12-02,DOMINGO,03:40:00,NOCTURNO
064f1787-d62c-458f-b39a-c190656f2059,2012-12-02,DOMINGO,02:00:00,NOCTURNO
255eabd3-750c-4a05-968b-4655b9b5ebdd,2012-12-02,DOMINGO,21:30:00,NOCTURNO
f16a0c86-8e42-4bf1-a9c9-7ee0f1815335,2012-02-13,LUNES,18:30:00,NOCTURNO
2b294e4e-690e-40c6-9e11-13ab6c80c099,2012-02-13,LUNES,18:30:00,NOCTURNO
e5c732a3-326d-4fb3-af15-e4885028f973,2012-02-13,LUNES,10:00:00,DIURNO
e32386ef-98b3-48c1-91e0-8d98bad04e1d,2012-02-13,LUNES,19:00:00,NOCTURNO
d74e57b1-2686-4ea2-989d-8bb7f0a5af55,2012-02-13,LUNES,06:20:00,DIURNO
d9eee50f-1648-42c5-ad78-7dbea9071142,2012-02-13,LUNES,12:49:00,DIURNO
c3c76fb8-d4e6-426f-a1e9-a9ae4adbef4a,2012-02-13,LUNES,12:40:00,DIURNO
f0002061-4a3d-49a4-9def-a1cc01ff332b,2012-02-13,LUNES,11:45:00,DIURNO
f73e2c6c-610a-4417-a712-4b2b43c32fd5,2012-02-13,LUNES,12:30:00,DIURNO
b0d9e089-940a-4c98-89ed-6fc80078c98c,2012-02-13,LUNES,18:20:00,NOCTURNO
a789895c-67f1-4c02-94af-87d2dc3d0132,2012-02-13,LUNES,03:45:00,NOCTURNO
cf8adee2-bb37-4d98-8a28-e5ddd948fe33,2012-02-14,MARTES,11:20:00,DIURNO
4ff3ff87-fbd0-4904-9bba-8e194297f0bf,2012-02-14,MARTES,17:15:00,DIURNO
104fe68e-f4f4-418d-a69a-262756d84c8b,2012-02-14,MARTES,18:40:00,NOCTURNO
ccd9b7ee-6674-4ac9-89c4-6f3b42a8760d,2012-02-14,MARTES,09:45:00,DIURNO
ace3077b-51c6-420b-9bf7-93eba8cc4e85,2012-02-14,MARTES,18:40:00,NOCTURNO
e68a19fe-4c86-4a59-93c9-6ad51903a536,2012-02-14,MARTES,15:15:00,DIURNO
658c4b13-d70d-4fe1-a336-5b1e08dcc4cf,2012-02-14,MARTES,17:50:00,DIURNO
bccf101b-9d0a-48e9-9dc4-ed2b4bae60a2,2012-02-14,MARTES,20:45:00,NOCTURNO
cca92c35-6459-464a-8c68-c23f4f0a20ad,2012-02-14,MARTES,17:10:00,DIURNO
94b5e206-da40-451f-863d-87883cf70294,2012-02-14,MARTES,14:00:00,DIURNO
53ba32a0-ffcf-48c2-8135-734a6a11beaa,2012-02-14,MARTES,08:26:00,DIURNO
fbdeb0c0-6b5d-4d21-9e5c-6ccb4d2330f7,2012-02-14,MARTES,13:40:00,DIURNO
666ca76f-bfdc-4c69-8f27-825940a73b1d,2012-02-15,MIERCOLES,11:00:00,DIURNO
1fa04b44-9da7-4e98-b484-672c4f57ac5a,2012-02-15,MIERCOLES,17:00:00,DIURNO
27b4ef97-0aae-4e8d-8dbc-cac835bcf989,2012-02-15,MIERCOLES,16:30:00,DIURNO
ff49abdd-2228-4c0f-a07b-a92eea85213a,2012-02-15,MIERCOLES,07:50:00,DIURNO
dbd6ed7b-7a00-4762-98b9-e669a644bf14,2012-02-15,MIERCOLES,12:20:00,DIURNO
9451aed4-efbc-442c-a6b6-f72b9c57746b,2012-02-15,MIERCOLES,13:40:00,DIURNO
a736a7bb-0f7e-4645-806c-a87be95ba23a,2012-02-15,MIERCOLES,15:00:00,DIURNO
9d16697f-d338-46d0-9044-e842557656d5,2012-02-15,MIERCOLES,15:24:00,DIURNO
a9cace58-fc97-41a9-aa3a-98dc36914981,2012-02-15,MIERCOLES,12:00:00,DIURNO
07dadbd5-650f-47b2-962f-171d1fe5902e,2012-02-15,MIERCOLES,15:40:00,DIURNO
e2403734-2a2c-45fe-96a7-d1f105717687,2012-02-16,JUEVES,06:00:00,NOCTURNO
d56b757f-e687-498a-8f6b-45d76b402ddc,2012-02-16,JUEVES,11:20:00,DIURNO
ee879459-d0b7-447e-a651-c782d29a26b9,2012-02-16,JUEVES,02:35:00,NOCTURNO
f30c7a86-bede-4300-bace-344c0dc7e9b0,2012-02-16,JUEVES,20:30:00,NOCTURNO
c8dbfce2-693d-4379-bac2-43c936d74aa1,2012-02-16,JUEVES,06:15:00,DIURNO
2da64e0a-7539-405f-a311-07f1c926b751,2012-02-16,JUEVES,12:40:00,DIURNO
dd09daf9-5b21-4e05-bbdb-4d18089e3110,2012-02-16,JUEVES,14:50:00,DIURNO
0dd02d02-877f-4d87-b618-75a59bdb8080,2012-02-16,JUEVES,15:40:00,DIURNO
1eb6fb1a-56ad-4933-a8f4-85c5862e5d06,2012-02-16,JUEVES,17:30:00,DIURNO
188bb5bd-6aca-4ca3-8d21-1f47d2c85de9,2012-02-16,JUEVES,08:40:00,DIURNO
bf1471f0-680d-42d8-b857-9127263b6098,2012-02-16,JUEVES,13:00:00,DIURNO
873161eb-2b06-410d-8bac-30b6ef0a47ca,2012-02-16,JUEVES,09:50:00,DIURNO
1e2a8980-1543-4b7f-8023-803556295af9,2012-02-16,JUEVES,16:30:00,DIURNO
05184447-5571-4a11-ac83-b651896d94e7,2012-02-16,JUEVES,06:40:00,DIURNO
662a08ca-a7d4-4309-b1a4-0305abb2757d,2012-02-16,JUEVES,11:10:00,DIURNO
5ab7274f-6567-4cfe-81a8-788de3dcbdd1,2012-02-16,JUEVES,08:30:00,DIURNO
e8884de7-19ec-4f50-9059-2626a8e2c665,2012-02-16,JUEVES,11:20:00,DIURNO
a5dbefbb-27dc-494c-8bbc-271c9150275c,2012-02-16,JUEVES,15:40:00,DIURNO
73cb05e6-3927-42ce-84cf-abb1af56a137,2012-02-16,JUEVES,19:30:00,NOCTURNO
5f3979fd-45c7-4961-8df4-8f4fdafde79a,2012-02-17,VIERNES,16:30:00,DIURNO
32e42cd1-9860-4e72-8fe2-1de39c6fa79d,2012-02-17,VIERNES,22:10:00,NOCTURNO
68d29b6c-933e-4989-9fc3-fc5001009962,2012-02-17,VIERNES,10:10:00,DIURNO
9d66ad86-6a17-424d-845e-57bd30581175,2012-02-17,VIERNES,17:00:00,DIURNO
4978c878-bc68-4cc8-bd02-2ebf6812074b,2012-02-17,VIERNES,15:20:00,DIURNO
79ebff54-f50d-48d7-b829-1d9f9625ac72,2012-02-17,VIERNES,19:40:00,NOCTURNO
f0a5c8bb-35ec-405e-a5cc-1a67da761da1,2012-02-17,VIERNES,23:50:00,NOCTURNO
da16c08e-ef57-42ac-8844-ed14471b3855,2012-02-17,VIERNES,08:30:00,DIURNO
be46cb98-0318-4ab7-923a-fee71cc9fac3,2012-02-17,VIERNES,08:20:00,DIURNO
938338e5-53cd-42af-8d53-f0ebb1f24f1e,2012-02-17,VIERNES,16:25:00,DIURNO
b16302ed-fc46-477d-84c2-bbe60df8e6cb,2012-02-17,VIERNES,19:40:00,NOCTURNO
351d31cc-d080-4579-a0bd-b0b1a042c49b,2012-02-17,VIERNES,17:30:00,DIURNO
d4e75c57-b35d-4859-8fb6-cc219a4cbf16,2012-02-17,VIERNES,15:35:00,DIURNO
047aa05c-72a2-49d4-aebd-088e872ad945,2012-02-17,VIERNES,16:45:00,DIURNO
5c21c0b5-b993-4e9c-adca-0d0728d02719,2012-02-17,VIERNES,10:40:00,DIURNO
8a158900-65c9-41c2-8533-dd5d18215780,2012-02-17,VIERNES,16:10:00,DIURNO
ab8c1d0c-0115-455d-a899-7824face212a,2012-02-17,VIERNES,12:25:00,DIURNO
a485f1f7-df9f-42b0-8094-7707a8efb01c,2012-02-17,VIERNES,20:30:00,NOCTURNO
4270fd37-4d8f-4fc9-ac96-6f3d208b1842,2012-02-17,VIERNES,04:55:00,NOCTURNO
62cd1545-eb17-4bad-98c5-a5be63ebcec4,2012-02-17,VIERNES,15:05:00,DIURNO
2610f107-2cf7-411e-a008-990c7202e26a,2012-02-17,VIERNES,18:00:00,DIURNO
3e54aaa6-b403-4b75-a5b1-a94fcd1db36e,2012-02-17,VIERNES,06:05:00,DIURNO
ad2668c5-ac7e-432c-828b-7bfcd949cd8f,2012-02-18,SABADO,00:50:00,NOCTURNO
d9f7da10-f32a-4855-afd8-6fe0d28fb3d8,2012-02-18,SABADO,12:00:00,DIURNO
60a9d951-d1f9-40b4-a70c-9517bb28c3c4,2012-02-18,SABADO,07:30:00,DIURNO
321756a1-68db-4f5d-a742-5788ab957583,2012-02-18,SABADO,11:30:00,DIURNO
2c9207b5-9baf-4c01-8e7a-f54d6d9947ad,2012-02-18,SABADO,12:25:00,DIURNO
9baa82ac-c2ec-4a08-833b-9b8e9a0723d9,2012-02-18,SABADO,08:45:00,DIURNO
8559bca3-d993-4dd8-bde5-5efc992aabaf,2012-02-18,SABADO,06:35:00,DIURNO
1845fe5b-10af-481c-8184-81adcb5fdb72,2012-02-18,SABADO,21:00:00,NOCTURNO
377164b3-ce34-469c-be06-791567e2a473,2012-02-18,SABADO,17:30:00,DIURNO
da86cf66-e963-4c9b-8bd3-e13bdefed4fa,2012-02-18,SABADO,13:20:00,DIURNO
a5505b41-e8f5-4f18-b0c9-038380a303ab,2012-02-18,SABADO,15:15:00,DIURNO
994fe000-e9b2-461c-9255-4fe48273ad98,2012-02-18,SABADO,10:40:00,DIURNO
b52ea358-b5f1-4e12-ad2c-c24b5e02e439,2012-02-18,SABADO,11:45:00,DIURNO
9e8d4b09-01b4-4c58-abe9-9bcbef2c0bc5,2012-02-18,SABADO,18:40:00,NOCTURNO
ea6fb8bf-9185-47db-a6e4-e91a595a8ee0,2012-02-18,SABADO,20:30:00,NOCTURNO
78d5e3ea-4498-4b1c-be12-07103fd4a894,2012-02-18,SABADO,14:40:00,DIURNO
b0ba15ce-068f-4ed0-8875-90bb1ff054fa,2012-02-18,SABADO,14:40:00,DIURNO
38ef1e5e-35fe-4a93-afd4-197602d03e16,2012-02-18,SABADO,15:00:00,DIURNO
6dc7a162-1d75-4c50-81ba-17824f8bef9d,2012-02-18,SABADO,18:30:00,NOCTURNO
b74ab8f6-e1cd-4a95-9bdd-074ed6b7686a,2012-02-18,SABADO,15:15:00,DIURNO
a0b0acda-6ba2-4591-8382-04783b16ff33,2012-02-18,SABADO,11:40:00,DIURNO
50a55abd-0689-43c9-89bb-3a9aa153ad09,2012-02-19,DOMINGO,11:30:00,DIURNO
c5e86adc-4cfa-42bf-bf53-24c3efd618a1,2012-02-19,DOMINGO,06:00:00,NOCTURNO
1050977e-e1e7-4c04-a1b0-8f7e046c5490,2012-02-19,DOMINGO,06:40:00,DIURNO
71d2dcec-edfc-474e-8dcc-38e8099ac0a5,2012-02-19,DOMINGO,01:00:00,NOCTURNO
e5fcb732-3f41-425f-ad8f-c6c9cbad9356,2012-02-19,DOMINGO,19:50:00,NOCTURNO
6543a41f-92d1-4cc8-8868-4dbbda03cece,2012-02-19,DOMINGO,12:50:00,DIURNO
89305bd6-e1ff-4097-866c-db47e0b718b4,2012-02-19,DOMINGO,12:05:00,DIURNO
c809edc4-86a8-4781-8b6e-5bcb01f002b0,2012-02-19,DOMINGO,18:50:00,NOCTURNO
df3f2f07-31f9-499c-822b-5e11ad13288e,2012-02-20,LUNES,14:20:00,DIURNO
799b17c9-676b-4590-b8f4-6fe49a6dd1ed,2012-02-20,LUNES,00:20:00,NOCTURNO
3cf558cf-b164-474e-82bc-072f04350e53,2012-02-20,LUNES,16:00:00,DIURNO
c8e8e26c-1996-4f50-b71e-01d9a7d70828,2012-02-20,LUNES,19:10:00,NOCTURNO
c56e4fbb-eb25-4b3b-8164-5a55127b5366,2012-02-20,LUNES,07:30:00,DIURNO
00cdc5d4-647e-49a9-97ea-c978f2aa0cd1,2012-02-20,LUNES,22:15:00,NOCTURNO
04b76863-bbb9-49cc-b259-7dd9f2647f9b,2012-02-20,LUNES,19:05:00,NOCTURNO
c155a146-9a35-46e5-a5e8-452240ea74da,2012-02-20,LUNES,14:30:00,DIURNO
68095112-38c6-4c06-ad92-13c3e079bc3a,2012-02-20,LUNES,11:40:00,DIURNO
183526a6-af6e-4837-a991-fd636aa165f8,2012-02-21,MARTES,07:50:00,DIURNO
2bb4d768-515c-43df-8a7f-c6f944cf7b9f,2012-02-21,MARTES,10:35:00,DIURNO
cb10cfb2-94d5-4c26-a163-824f96d28c66,2012-02-21,MARTES,07:41:00,DIURNO
97426069-a491-4523-a464-976b96e1f9ab,2012-02-21,MARTES,17:10:00,DIURNO
a75a5e40-1700-419f-adfc-8956cde632b3,2012-02-21,MARTES,13:50:00,DIURNO
9de61893-783b-4417-8594-7bedbf088a94,2012-02-21,MARTES,11:10:00,DIURNO
a5c6cc1e-1677-4fab-b4a2-813ea2b05465,2012-02-21,MARTES,18:30:00,NOCTURNO
e92c7079-60b0-48ad-bb2c-1227abcf4d85,2012-02-21,MARTES,09:55:00,DIURNO
83a0909d-3091-40d4-81c3-f12f18ee691d,2012-02-21,MARTES,21:45:00,NOCTURNO
05bf10b7-4c8a-4345-9efd-74d026fa24f6,2012-02-21,MARTES,13:00:00,DIURNO
59b44676-aaaf-48cd-ae00-6d2930bbc614,2012-02-22,MIERCOLES,06:50:00,DIURNO
3971d97e-928a-4750-b7f8-6ee39cb538e3,2012-02-22,MIERCOLES,10:50:00,DIURNO
58412611-c64d-43b6-a9db-44b8d50c9076,2012-02-22,MIERCOLES,14:00:00,DIURNO
a2ad7dc1-87fa-476a-b360-534fb01671df,2012-02-22,MIERCOLES,16:00:00,DIURNO
0af63f80-41b3-40e4-94c6-9b5bb3e62e8a,2012-02-22,MIERCOLES,11:30:00,DIURNO
3931d0c1-5a51-4608-899c-8e60d19e0cba,2012-02-22,MIERCOLES,10:15:00,DIURNO
f22fcb90-9b86-4e83-b537-d3a5ffe6ebec,2012-02-22,MIERCOLES,18:40:00,NOCTURNO
ec2cccef-5b05-489d-ba57-51ff5881558b,2012-02-22,MIERCOLES,14:40:00,DIURNO
0ca45b31-78dd-493f-9ce2-9d6c911a3fad,2012-02-22,MIERCOLES,19:15:00,NOCTURNO
73f597b7-7735-42aa-8e49-3c91ac4a2447,2012-02-22,MIERCOLES,19:40:00,NOCTURNO
14840f0c-1ffb-4453-b171-328c1f5f0f55,2012-02-22,MIERCOLES,09:40:00,DIURNO
1bb15878-d27a-4ee6-808e-61ad372e5ff7,2012-02-22,MIERCOLES,07:10:00,DIURNO
6ca0ed8b-4fac-4b01-84b4-49b4d67fd721,2012-02-22,MIERCOLES,14:00:00,DIURNO
3195c955-08fa-485d-9455-a191e0dab12d,2012-02-22,MIERCOLES,18:45:00,NOCTURNO
393715d1-a55b-40ec-a5a5-829ea0597879,2012-02-23,JUEVES,13:05:00,DIURNO
01d68eb3-319c-4218-9cda-1e2de1b86e1d,2012-02-23,JUEVES,11:20:00,DIURNO
fa67ecae-d291-48d5-9f21-2fa94ec2ec4a,2012-02-23,JUEVES,12:30:00,DIURNO
7f10a0bc-71cd-4b67-8859-e8715a2d896a,2012-02-23,JUEVES,05:00:00,NOCTURNO
cc0c09c9-8153-4150-ac43-6d0b7c5e133c,2012-02-23,JUEVES,11:00:00,DIURNO
bd7e591a-7afc-4db3-98ca-b507a3b0c791,2012-02-23,JUEVES,16:00:00,DIURNO
bcb7550e-e61f-4530-a76d-6b9755339524,2012-02-23,JUEVES,16:00:00,DIURNO
2e4bf12f-0d0a-4bf9-a95a-b611c1821463,2012-02-23,JUEVES,21:30:00,NOCTURNO
ebbe4330-612b-4ba4-9d2a-d15102df74b2,2012-02-23,JUEVES,09:48:00,DIURNO
e55ba431-9795-4167-9857-238fcb7581ca,2012-02-23,JUEVES,08:05:00,DIURNO
1d2c42ef-d502-4ff0-b2be-a8974e779ab1,2012-02-23,JUEVES,11:00:00,DIURNO
561bd240-f2a2-4221-8024-8911d7a1b2c1,2012-02-23,JUEVES,11:30:00,DIURNO
0831cdd3-a3e1-4551-aaec-54171e6e0896,2012-02-23,JUEVES,13:00:00,DIURNO
c47410fe-9e01-421d-88af-a0235e4033ac,2012-02-23,JUEVES,14:50:00,DIURNO
2967f093-e5ef-4ff3-81b5-bfcc44f8e91a,2012-02-24,VIERNES,00:02:00,NOCTURNO
6e8658f0-70de-4eed-9b10-dc13ba43ad55,2012-02-24,VIERNES,17:30:00,DIURNO
c1996256-5238-4f6a-9d32-97c94b1b873e,2012-02-24,VIERNES,15:50:00,DIURNO
694e419e-3007-4451-a6fa-256f76f2824b,2012-02-24,VIERNES,17:05:00,DIURNO
aa5207ec-add8-4ff2-a5b0-122a15a46a2f,2012-02-24,VIERNES,19:40:00,NOCTURNO
151471d0-ce57-4aea-9a3a-d79ccb8bc341,2012-02-24,VIERNES,17:20:00,DIURNO
9dc1665c-48cf-4dec-b13a-be95304302f4,2012-02-24,VIERNES,18:05:00,NOCTURNO
8ddc7e00-4e1e-495c-be12-e6c65f3db6d8,2012-02-24,VIERNES,19:15:00,NOCTURNO
ec04808e-4581-4e7a-b0f1-fc4b88e15bf7,2012-02-24,VIERNES,16:50:00,DIURNO
cb355059-d8fb-4e52-ae11-b89432c553aa,2012-02-24,VIERNES,09:40:00,DIURNO
2bd9ad92-3b29-460f-b4a8-9a9b19934c2b,2012-02-24,VIERNES,12:10:00,DIURNO
5db1e6f7-5b98-4f02-84cf-c363954271ab,2012-02-24,VIERNES,08:00:00,DIURNO
f97e259b-6c64-4dff-8d80-d3a2120296a2,2012-02-25,SABADO,00:10:00,NOCTURNO
e096d96f-4ad5-42d9-94b9-f56959979051,2012-02-25,SABADO,21:55:00,NOCTURNO
989f2c2c-fb05-42a1-bea4-a28eaa02f612,2012-02-25,SABADO,15:40:00,DIURNO
300d6ce4-3f81-42f4-a9de-bf16a83caa12,2012-02-25,SABADO,16:30:00,DIURNO
1bcf8cb9-a713-478b-be23-97ef523166c1,2012-02-25,SABADO,17:30:00,DIURNO
f0914b69-509b-4e3e-ac12-bbb8e7685e2c,2012-02-25,SABADO,09:30:00,DIURNO
5c4e4916-5eff-4c3c-b5fa-c6ead21d91ea,2012-02-25,SABADO,21:10:00,NOCTURNO
7f5d1597-f88c-4914-8584-f921d845cad9,2012-02-25,SABADO,16:30:00,DIURNO
860c0dfc-415c-4ccc-9a27-a1e97c583793,2012-02-25,SABADO,09:50:00,DIURNO
d9fbc2c6-d003-459b-aba5-5803b0a3c98e,2012-02-25,SABADO,10:29:00,DIURNO
cbfd811a-3e8c-481c-91a3-3c44deee1497,2012-02-25,SABADO,10:20:00,DIURNO
e2afe607-e414-4491-9442-4793c3a2076d,2012-02-25,SABADO,11:00:00,DIURNO
6e6fd6c3-02da-49fd-a8b4-00b2e9d01af8,2012-02-25,SABADO,11:45:00,DIURNO
1575536e-6db4-4bbf-9a84-6f4ec2031c7b,2012-02-25,SABADO,12:40:00,DIURNO
a0e0bf8c-afcc-4c27-a9d0-70e2f87094ca,2012-02-25,SABADO,15:00:00,DIURNO
5820053e-2ad9-481e-b0b2-61b0f06c355f,2012-02-25,SABADO,15:45:00,DIURNO
5a06fa55-15e3-4bcb-a2ca-259b3628667f,2012-02-25,SABADO,16:00:00,DIURNO
90d85a91-ed53-457a-857d-f54311bc4cae,2012-02-25,SABADO,16:30:00,DIURNO
c5c7dd70-7b4d-425e-bc34-9f2d30644afe,2012-02-25,SABADO,14:30:00,DIURNO
44fc8482-559d-4e8f-b2bb-87b317e824b2,2012-02-25,SABADO,17:40:00,DIURNO
3c789b5d-fb50-450e-ad87-8f799aafdd34,2012-02-25,SABADO,17:20:00,DIURNO
ec162c1d-6bb8-4a6f-b7b4-dc7742149aa8,2012-02-26,DOMINGO,02:20:00,NOCTURNO
c571333e-9d1a-433d-92cb-ce62dc495ec6,2012-02-26,DOMINGO,22:30:00,NOCTURNO
0a17b26e-16ed-4d6a-8e64-372e0b64c514,2012-02-26,DOMINGO,07:00:00,DIURNO
f9fcafea-5907-4ae2-828e-f969f3a43146,2012-02-26,DOMINGO,01:20:00,NOCTURNO
b59fe02e-cc95-4d5b-a92a-f827aa62425f,2012-02-26,DOMINGO,02:00:00,NOCTURNO
67e2a45e-a79d-40f5-b810-5b4194851810,2012-02-26,DOMINGO,06:00:00,NOCTURNO
62922ca4-164d-4d18-9a89-6576374439c4,2012-02-26,DOMINGO,10:20:00,DIURNO
3f3ff122-440a-4486-ab4c-c17ed2ffa41f,2012-02-26,DOMINGO,12:25:00,DIURNO
5a4acf58-20c7-48ff-b1e7-1648bb718969,2012-02-26,DOMINGO,12:45:00,DIURNO
50e9e6f3-8d9d-41a0-8945-827c12ec9d98,2012-02-26,DOMINGO,13:00:00,DIURNO
53fe5792-4340-47b7-877e-5338ae70b92e,2012-02-26,DOMINGO,14:20:00,DIURNO
0a518d41-6aca-40ff-bb1d-b04d04f3c13e,2012-02-26,DOMINGO,18:10:00,NOCTURNO
86be6aaa-f63a-4c34-bb5c-c16c81fcd952,2012-02-26,DOMINGO,15:10:00,DIURNO
83020351-4606-450a-837f-87e648989eff,2012-02-26,DOMINGO,18:00:00,DIURNO
87c7899f-5a5e-4351-8010-6a1a8c95a97d,2012-02-26,DOMINGO,20:00:00,NOCTURNO
fd0f598e-d0ff-42c7-b8e2-70bc603ef0a8,2012-02-27,LUNES,19:00:00,NOCTURNO
28bbba8a-0c1a-42cf-80f4-2320d511c614,2012-02-27,LUNES,20:20:00,NOCTURNO
4230db75-2e44-4167-8078-c0a62a4126de,2012-02-27,LUNES,05:00:00,NOCTURNO
0970f605-a39a-49aa-a767-ed4cf4fbefdb,2012-02-27,LUNES,06:30:00,DIURNO
4fafb8e1-b765-448c-ad51-c35acf15bab3,2012-02-27,LUNES,15:18:00,DIURNO
421e30ff-2282-481e-b82a-427ea5fd469e,2012-02-27,LUNES,16:15:00,DIURNO
3df5a0a7-f995-44db-8e7a-bb4fdc4382cb,2012-02-27,LUNES,16:40:00,DIURNO
3223c731-ebfd-4b4b-8b50-e2e30268089f,2012-02-27,LUNES,20:30:00,NOCTURNO
16b3f50c-d037-4bb2-aa0f-1508cffc4dca,2012-02-27,LUNES,21:20:00,NOCTURNO
1a295025-3fa4-4c61-a000-472d483e0c63,2012-02-27,LUNES,17:30:00,DIURNO
425200e5-4e93-4683-9f99-bcf93bbbba59,2012-02-27,LUNES,07:45:00,DIURNO
50eb2aa2-9f20-406f-928f-b016eb492db3,2012-02-27,LUNES,12:15:00,DIURNO
282398b9-7364-481a-b1d4-11215f6e034a,2012-02-27,LUNES,08:35:00,DIURNO
a50dc52f-929f-4d1a-a470-3f201c642349,2012-02-27,LUNES,15:30:00,DIURNO
a080479f-4602-48ec-b819-ffe8ea5c9803,2012-02-27,LUNES,17:05:00,DIURNO
c5af1d99-b521-49eb-b8f2-eb4b4407e74c,2012-02-27,LUNES,08:30:00,DIURNO
d0d4449e-9d2e-4350-8828-8b0b47d62fda,2012-02-27,LUNES,16:30:00,DIURNO
f2dbcdb7-cc24-48f3-8a53-6b8f9b8ddb3f,2012-02-28,MARTES,18:45:00,NOCTURNO
488afc80-d5d4-4f52-b714-47d3cfad681b,2012-02-28,MARTES,18:15:00,NOCTURNO
02140459-6b31-4977-917a-0f0ed3749cf8,2012-02-28,MARTES,21:50:00,NOCTURNO
0ec050a2-66ed-4625-b15b-9fddd46283b7,2012-02-28,MARTES,18:30:00,NOCTURNO
a3ef200d-5e5d-4a5e-98b1-c9cbee5bbcfe,2012-02-28,MARTES,23:25:00,NOCTURNO
3a1df8be-738b-49ce-b2b4-5c54d47baa9b,2012-02-28,MARTES,11:40:00,DIURNO
3b03e081-7d69-4feb-814b-a842d06e109d,2012-02-28,MARTES,10:50:00,DIURNO
3162b51e-28f7-4c83-ae06-cf72b302a454,2012-02-28,MARTES,12:20:00,DIURNO
c9aa6d20-a208-4860-bc2f-f6a15ce92e53,2012-02-28,MARTES,17:35:00,DIURNO
fc2b93ed-18f1-4faa-b29e-88e46b1658df,2012-02-28,MARTES,07:30:00,DIURNO
48f77ac8-388f-49ad-a47e-53f962074cbb,2012-02-28,MARTES,12:50:00,DIURNO
c7a7f762-4f09-4af8-b75c-dbd52de7c4d2,2012-02-28,MARTES,15:00:00,DIURNO
9bc63236-de2a-486b-a5f0-2fdc4bb29052,2012-02-28,MARTES,21:00:00,NOCTURNO
4691bdd5-669b-45a4-a094-62ac0faf2be6,2012-02-29,MIERCOLES,12:15:00,DIURNO
66fc9e59-8add-4e1d-9293-abc37899bfc4,2012-02-29,MIERCOLES,13:10:00,DIURNO
8f6bcdad-d497-476b-b0ad-e0a24b2d36f4,2012-02-29,MIERCOLES,16:20:00,DIURNO
6649c815-77ae-4352-a70e-38640140b53d,2012-02-29,MIERCOLES,19:30:00,NOCTURNO
98a20075-da3c-4662-b148-ed967b505a1b,2012-02-29,MIERCOLES,18:20:00,NOCTURNO
cab6d98a-0f09-421d-b38c-f342d871f639,2012-02-29,MIERCOLES,10:30:00,DIURNO
7869e60a-4d6c-4142-b006-7b3d49fb8b29,2012-02-29,MIERCOLES,15:30:00,DIURNO
56adfd96-7265-4c3e-a0a6-5126356b7a0b,2012-02-29,MIERCOLES,22:30:00,NOCTURNO
c2375a44-474c-42c7-bb36-3f1fbba354cb,2012-02-29,MIERCOLES,10:20:00,DIURNO
9e44726c-3bca-4e05-a061-5d73f6d22a80,2012-02-29,MIERCOLES,11:20:00,DIURNO
7f784d0d-e9dc-4b12-b1d3-9658468e03be,2012-02-29,MIERCOLES,07:00:00,DIURNO
c97d1fd9-c235-469f-874a-46d5250e2056,2012-02-29,MIERCOLES,08:30:00,DIURNO
1f5dfc1c-4392-48c9-86ae-48ce3c65223a,2012-02-29,MIERCOLES,10:05:00,DIURNO
76c31007-8e77-411f-baff-b4da59942afa,2012-02-29,MIERCOLES,10:50:00,DIURNO
42f8caad-ce20-4436-96b7-240cb7dd9d3f,2012-02-29,MIERCOLES,10:15:00,DIURNO
81bc82f9-005e-486d-b1ad-cba201f1b630,2012-02-29,MIERCOLES,11:10:00,DIURNO
f1374eca-1633-4330-99b9-bab455d53991,2012-02-29,MIERCOLES,12:00:00,DIURNO
8c7a48af-ca29-4c0c-b213-604531a8419f,2012-02-29,MIERCOLES,12:40:00,DIURNO
f2242467-c4d1-497a-afb4-b79fdda0c60a,2012-02-29,MIERCOLES,07:00:00,DIURNO
4d110c5a-0af4-4f7e-bead-2e631329fd1a,2012-02-29,MIERCOLES,15:55:00,DIURNO
5a91ce20-f9f1-4fc8-98ac-e1418b405ce1,2012-01-03,JUEVES,15:10:00,DIURNO
4e41b9d5-07c1-40d6-b00d-e28261504018,2012-01-03,JUEVES,17:14:00,DIURNO
ccbb3b0f-0a23-46e4-80e6-84f307d6126a,2012-01-03,JUEVES,19:30:00,NOCTURNO
1aaf4bc1-9242-4352-a1ca-5f08f906d004,2012-01-03,JUEVES,17:25:00,DIURNO
af7b90e4-a6c9-441a-ae68-59b673ce09e2,2012-01-03,JUEVES,16:30:00,DIURNO
169a9e80-416e-4dfa-bc0d-2ecb1c24d2d4,2012-01-03,JUEVES,02:00:00,NOCTURNO
d4b61548-cf93-49fe-8ad1-9bf8372086b2,2012-01-03,JUEVES,04:30:00,NOCTURNO
398d9c23-7618-4db9-9a4f-60392566b698,2012-01-03,JUEVES,06:40:00,DIURNO
f37a3e90-c7eb-44cd-8981-e610be4b4480,2012-01-03,JUEVES,17:30:00,DIURNO
5495e3df-d39e-4cf2-82e3-239ee1094088,2012-01-03,JUEVES,21:30:00,NOCTURNO
ddee8dce-fb53-4820-ac44-c76e16db252d,2012-01-03,JUEVES,02:20:00,NOCTURNO
1f449529-5b05-4c7e-b62b-3788beb22e5e,2012-01-03,JUEVES,12:20:00,DIURNO
ed5a5d63-fae2-40de-a5ae-0c7a1f79a155,2012-01-03,JUEVES,11:30:00,DIURNO
a8fb82ad-28bf-4823-a3d7-6b800f4fa643,2012-01-03,JUEVES,13:30:00,DIURNO
e5f888d0-fb20-4463-89ea-27a52607f59d,2012-01-03,JUEVES,15:00:00,DIURNO
75910334-e12c-4f4a-905e-30fddb2f7cf7,2012-01-03,JUEVES,13:50:00,DIURNO
0cec54c2-6ba0-4cc9-9646-47e9210894cd,2012-01-03,JUEVES,13:00:00,DIURNO
8e44ad6b-764e-4782-a870-9876c364c665,2012-02-03,VIERNES,07:50:00,DIURNO
307ddf86-c379-4f89-9eb7-fd3bb7075ea0,2012-02-03,VIERNES,16:30:00,DIURNO
a8615b53-9b03-4cb9-ba7a-c45e3144f777,2012-02-03,VIERNES,20:10:00,NOCTURNO
f9ae8f58-b587-484e-9522-fa07de138787,2012-02-03,VIERNES,15:30:00,DIURNO
b47ae8c8-ebf2-493f-ba1d-6a9c26235b97,2012-02-03,VIERNES,18:30:00,NOCTURNO
0c73f299-e928-44f8-8af6-b7d36520ca50,2012-02-03,VIERNES,19:29:00,NOCTURNO
8a465d77-8ba7-43f5-880c-cd55b9c37ba1,2012-02-03,VIERNES,11:30:00,DIURNO
d4d60daa-0c8a-4c1d-97f5-1e910c474319,2012-02-03,VIERNES,20:00:00,NOCTURNO
3307d3dd-dbd9-4222-88fd-9e80842a9623,2012-02-03,VIERNES,22:10:00,NOCTURNO
02ec7f5d-bd77-4f5c-9a66-669b3e8615b7,2012-02-03,VIERNES,06:10:00,DIURNO
6cbab122-4c47-4b9a-980c-5d0228226f64,2012-02-03,VIERNES,10:00:00,DIURNO
68521900-4cc3-41d3-beb8-f30e9939016e,2012-02-03,VIERNES,06:10:00,DIURNO
c5bb68bb-9dd8-4c18-a195-816b493ef14c,2012-02-03,VIERNES,19:15:00,NOCTURNO
d58bcf4f-eca8-45cb-9e54-400b19c2bdc1,2012-03-03,SABADO,22:00:00,NOCTURNO
9a7f6be7-5e70-4c51-824a-9b0c0c3c1870,2012-03-03,SABADO,13:40:00,DIURNO
55859662-1b2e-4e72-84f2-6315ee97690d,2012-03-03,SABADO,16:10:00,DIURNO
f68b880e-9162-4ee6-9f68-25ed8f258988,2012-03-03,SABADO,20:35:00,NOCTURNO
4a4f168d-3a2f-4894-908b-2055a41b9454,2012-03-03,SABADO,07:45:00,DIURNO
a74f2b08-1768-4e25-aaeb-386c7c96b430,2012-03-03,SABADO,12:20:00,DIURNO
69260f84-dcaa-4e54-a53c-faabec01754b,2012-03-03,SABADO,14:30:00,DIURNO
4b29e0cd-0d95-42ac-ba3f-f489a26dac0a,2012-03-03,SABADO,13:05:00,DIURNO
4f0fb49d-9a8f-4ba7-9b04-8ffecfccb8fc,2012-03-03,SABADO,22:45:00,NOCTURNO
904a8e2a-30f1-4918-9544-af3dc7ba25cf,2012-03-03,SABADO,13:00:00,DIURNO
27c0db15-42ba-48bd-bef8-bcdd7e1a7249,2012-03-03,SABADO,10:30:00,DIURNO
6f6267e9-e7b6-4c64-89e5-19cfc0a9f8a0,2012-03-03,SABADO,17:40:00,DIURNO
a92928a4-eac6-4415-9a6b-48e6f4a105a1,2012-03-03,SABADO,07:00:00,DIURNO
124735e6-2cf3-43c1-b0bd-1ef7564b6a7e,2012-04-03,DOMINGO,02:00:00,NOCTURNO
f437ade5-ea8e-4f89-83f3-1fed11defe42,2012-04-03,DOMINGO,16:45:00,DIURNO
4312ed9b-98d6-4f7f-9644-69bd467f4196,2012-04-03,DOMINGO,01:25:00,NOCTURNO
13ef95f2-4213-41c6-aa82-6a9d41888d69,2012-04-03,DOMINGO,20:30:00,NOCTURNO
79373dc9-df20-4197-95f4-0e4bb9230cdc,2012-04-03,DOMINGO,19:30:00,NOCTURNO
12d67336-8e51-422e-a446-7c1d85256c27,2012-05-03,LUNES,15:50:00,DIURNO
a8bd817b-8331-400b-9625-de96210e97e0,2012-05-03,LUNES,17:20:00,DIURNO
c551ddbd-705b-447a-91fc-f9523bc750fe,2012-05-03,LUNES,19:10:00,NOCTURNO
179641b3-4bf9-41fa-ab79-8c3396b11f64,2012-05-03,LUNES,19:15:00,NOCTURNO
01fbc717-fdc0-46de-b456-bde81efd6f1b,2012-05-03,LUNES,09:00:00,DIURNO
946f166b-1d5d-4d2a-8021-f2e89c767574,2012-05-03,LUNES,21:30:00,NOCTURNO
3cea5c44-9eb0-4700-b9fa-7954a9487beb,2012-05-03,LUNES,14:05:00,DIURNO
1cc83664-315d-49ce-ac8c-64ff2339ef03,2012-05-03,LUNES,20:25:00,NOCTURNO
88a58b1c-eb85-441d-a298-41c76c0bbbc8,2012-05-03,LUNES,16:30:00,DIURNO
1fba4826-7493-4b1f-b748-ebdfb71d9ef5,2012-05-03,LUNES,17:20:00,DIURNO
d6494de6-491e-43d8-969c-12e8cbc27eb3,2012-05-03,LUNES,06:00:00,NOCTURNO
e3c48f32-2b57-43d6-866d-3102a485e375,2012-05-03,LUNES,12:18:00,DIURNO
72c36d44-62ee-4bc5-b55c-ac8ae6832f24,2012-05-03,LUNES,16:00:00,DIURNO
c096c33b-872e-47a1-83b5-16301f2e494d,2012-05-03,LUNES,17:00:00,DIURNO
049f4c6e-c80a-48dc-b1b3-a52806523361,2012-05-03,LUNES,21:00:00,NOCTURNO
bc78fe62-038c-4b04-8d1f-190cae5c90a9,2012-06-03,MARTES,12:10:00,DIURNO
e92193f7-a65e-4b2b-9337-c73129b18616,2012-06-03,MARTES,17:15:00,DIURNO
b2851432-2d07-4224-b471-17afa83c8077,2012-06-03,MARTES,18:45:00,NOCTURNO
32e6dff0-8727-4082-bd42-7fc85737d02c,2012-06-03,MARTES,13:30:00,DIURNO
13c8d9f7-d102-46f7-914d-f12bb26d3d6f,2012-06-03,MARTES,22:57:00,NOCTURNO
717de23a-cf9a-45d3-a848-cbdf2af82f71,2012-06-03,MARTES,00:30:00,NOCTURNO
0f53df28-04c2-4831-8379-e274c952aba6,2012-06-03,MARTES,12:30:00,DIURNO
b258a0fe-93b7-4126-8d45-c6b90cb639d0,2012-06-03,MARTES,17:30:00,DIURNO
ec617788-8c8e-4964-8a10-e8ca35731432,2012-06-03,MARTES,01:40:00,NOCTURNO
ea2df4cb-5c6c-4e28-bc4f-bc9e655a3cc1,2012-06-03,MARTES,09:30:00,DIURNO
c6b9d4b1-3b62-4ff6-a07a-3fb609554685,2012-06-03,MARTES,17:00:00,DIURNO
e06b8d1d-a546-4d52-8a93-d0c490aa5a97,2012-06-03,MARTES,16:15:00,DIURNO
4c932b86-c1de-456f-b890-364ae18d7fea,2012-06-03,MARTES,12:25:00,DIURNO
7aa5bc96-1d28-4f0f-9c44-bab947ee7e03,2012-06-03,MARTES,10:45:00,DIURNO
46fb3e3f-2153-4cb9-88fa-621446830004,2012-06-03,MARTES,12:45:00,DIURNO
b74b8f79-2e9b-46aa-a30b-82e088c5a283,2012-07-03,MIERCOLES,05:50:00,NOCTURNO
ac453d4b-acb5-40d1-b0e6-0ecfb30bce90,2012-07-03,MIERCOLES,14:15:00,DIURNO
7f9f4baa-8569-472c-9394-b9939d11c55c,2012-07-03,MIERCOLES,17:00:00,DIURNO
11cfa518-f53a-4c88-85ca-64f97666f6b6,2012-07-03,MIERCOLES,15:50:00,DIURNO
c678aaeb-c82e-40cd-bb4a-ba55c78100f3,2012-07-03,MIERCOLES,14:30:00,DIURNO
0f5de5d8-abb2-4c86-8140-2a0bb0c106b7,2012-07-03,MIERCOLES,19:15:00,NOCTURNO
ab13c1f2-feb8-4e2a-a27b-0f8de8775e76,2012-07-03,MIERCOLES,09:20:00,DIURNO
10c2d921-24a0-4f87-bb5f-745bb2f30ec7,2012-07-03,MIERCOLES,10:07:00,DIURNO
79cb1146-867c-40c2-8fab-4d93b178c00c,2012-07-03,MIERCOLES,02:00:00,NOCTURNO
edab4372-0679-4028-acef-3920335067b0,2012-07-03,MIERCOLES,15:40:00,DIURNO
d92ce43e-b7bd-4e98-a65e-730d4bb0fd9a,2012-07-03,MIERCOLES,07:05:00,DIURNO
bd9b8936-e490-4f67-a59e-40d266bb5af6,2012-07-03,MIERCOLES,08:00:00,DIURNO
d48f5882-9f99-447d-8052-dbc2b73e2723,2012-07-03,MIERCOLES,13:00:00,DIURNO
ea034036-a389-4462-8465-ae6fb2ed883d,2012-07-03,MIERCOLES,18:35:00,NOCTURNO
4cfca372-0fb0-44ef-abbd-ea46b56f9030,2012-07-03,MIERCOLES,09:00:00,DIURNO
5edd6a26-a7de-413c-84d5-f3b130df20e2,2012-07-03,MIERCOLES,10:45:00,DIURNO
26fedce0-a471-4b3a-8641-0df74cd0c070,2012-08-03,JUEVES,09:30:00,DIURNO
ef66665a-518b-48c1-8cc5-c8d1bd20dd62,2012-08-03,JUEVES,18:45:00,NOCTURNO
6e8b04b3-448e-4a37-a462-10849e1a2f49,2012-08-03,JUEVES,18:48:00,NOCTURNO
bc1138dd-31af-47ea-b98a-1216c71d4181,2012-08-03,JUEVES,16:50:00,DIURNO
196383b3-8b2c-4028-928a-a577ab78bfd2,2012-08-03,JUEVES,06:30:00,DIURNO
cd9fa7bb-1a35-450f-a582-8c1db5f81592,2012-08-03,JUEVES,13:25:00,DIURNO
f37156d7-0207-4dac-80e1-fc3a03252554,2012-08-03,JUEVES,21:10:00,NOCTURNO
1630c52f-2ca5-4913-a6cb-ceb1de3770d9,2012-08-03,JUEVES,10:00:00,DIURNO
ee66384d-926f-4d52-99eb-1ed4496c90e0,2012-08-03,JUEVES,10:20:00,DIURNO
a7690570-c9c5-4d5c-bdea-fe605fb2b29f,2012-08-03,JUEVES,07:00:00,DIURNO
44730e38-6054-44b9-8af9-6736a2854e66,2012-08-03,JUEVES,12:30:00,DIURNO
406087a7-2e7e-4113-aacf-da79007ad5cf,2012-08-03,JUEVES,06:55:00,DIURNO
54cf730a-8e47-42f5-b590-9f5e55a71f1b,2012-08-03,JUEVES,14:00:00,DIURNO
d07471cb-be4d-4bc1-928a-63c711d5a8ca,2012-08-03,JUEVES,19:00:00,NOCTURNO
fc3f576d-8441-4605-8984-ce5537becc88,2012-08-03,JUEVES,08:30:00,DIURNO
9ccd6da5-0dc6-42d3-8f49-55cb007fd104,2012-08-03,JUEVES,10:50:00,DIURNO
82d30958-8cc9-48ba-910c-fcfe999a4b98,2012-09-03,VIERNES,08:00:00,DIURNO
a9934fee-de8e-4d22-b4f7-483c61c8ecc4,2012-09-03,VIERNES,15:40:00,DIURNO
b1a80b09-047d-4a0a-af93-8aed38fb198c,2012-09-03,VIERNES,17:40:00,DIURNO
75b58d6d-0338-455f-b470-c4e7d71ab5e4,2012-09-03,VIERNES,19:00:00,NOCTURNO
d50c7c1c-e764-4ea0-942b-0d85ceaf9e3c,2012-09-03,VIERNES,09:30:00,DIURNO
dd5e9100-a837-4068-bac0-362df0949a00,2012-09-03,VIERNES,02:15:00,NOCTURNO
c37dad27-fa00-4ef9-afa0-3492805f858f,2012-09-03,VIERNES,02:15:00,NOCTURNO
eca2386e-da0b-449b-9603-13c3854448a2,2012-09-03,VIERNES,06:17:00,DIURNO
7802d784-9c8c-47d6-b5e1-df5e1561006d,2012-09-03,VIERNES,07:00:00,DIURNO
16a46fa7-130b-4bd8-8655-929854f34495,2012-09-03,VIERNES,19:30:00,NOCTURNO
47369732-4d2b-4fad-85db-8d97022ceedf,2012-09-03,VIERNES,14:00:00,DIURNO
486b8ce8-6f50-459b-9404-0a185575da40,2012-09-03,VIERNES,13:35:00,DIURNO
ca466575-5372-41ee-b9b3-d79adcbc4b2d,2012-09-03,VIERNES,18:30:00,NOCTURNO
eb12d96d-1374-47ca-8efe-e500e4d7a442,2012-09-03,VIERNES,07:30:00,DIURNO
01599477-68a4-4a86-b875-4821d2814b6a,2012-09-03,VIERNES,05:50:00,NOCTURNO
29fd97ba-f331-475f-86d1-4e646e7b826e,2012-09-03,VIERNES,17:10:00,DIURNO
fe48a9e8-41d8-4ce4-b065-47e2d0ba4c76,2012-09-03,VIERNES,12:30:00,DIURNO
26ef9f22-4d48-4e98-9f0d-b03b99d8c1c7,2012-10-03,SABADO,09:40:00,DIURNO
acc83a6c-84b3-45dd-a828-181d095890e6,2012-10-03,SABADO,10:20:00,DIURNO
aab2f3a4-49d5-4ee3-92d6-ad244c633ac5,2012-10-03,SABADO,15:30:00,DIURNO
1e471d6e-d5ed-4632-b70d-9b6a2c249c94,2012-10-03,SABADO,03:00:00,NOCTURNO
420722d1-a46b-4e0c-9cf0-71be82deec60,2012-10-03,SABADO,08:58:00,DIURNO
ef177ffa-644d-4d67-9af5-fc9d12a20dfd,2012-10-03,SABADO,11:20:00,DIURNO
e5061ee7-4929-49ee-a727-d54093b97155,2012-10-03,SABADO,16:30:00,DIURNO
cd0cdfe7-0e06-45e7-bfad-c706d6bab468,2012-10-03,SABADO,07:30:00,DIURNO
696e0fe8-bd8d-4e36-a271-dfac5d234df9,2012-10-03,SABADO,08:30:00,DIURNO
f1f88998-966c-4b61-9e13-dc36afbad1d6,2012-10-03,SABADO,08:30:00,DIURNO
20ca5695-5cb1-425c-a372-ccb7feee8b4e,2012-10-03,SABADO,12:15:00,DIURNO
2f564202-4dac-4ada-8219-eb99c48e4b3f,2012-10-03,SABADO,19:31:00,NOCTURNO
3a7e858a-582a-4aa4-b671-eec6f56cc80c,2012-10-03,SABADO,06:20:00,DIURNO
441dd3df-5838-45cb-923f-957bb5b4bd95,2012-11-03,DOMINGO,13:28:00,DIURNO
6388c476-bd4e-41f8-8135-5c042411d617,2012-11-03,DOMINGO,03:20:00,NOCTURNO
4f3a7504-05e2-4a9a-bf75-c9d5db32b030,2012-11-03,DOMINGO,11:55:00,DIURNO
0922e5e3-51e1-4d1c-9994-17cd10b56e78,2012-11-03,DOMINGO,12:30:00,DIURNO
0489f5b0-1645-4d71-b5ca-44c176184f5f,2012-11-03,DOMINGO,15:30:00,DIURNO
d6f45aa7-cb06-4c2c-863c-8a7173a1402f,2012-11-03,DOMINGO,18:30:00,NOCTURNO
3dd0c401-0c35-4f93-9bce-597ff80d37dd,2012-11-03,DOMINGO,20:45:00,NOCTURNO
fe28abb9-fbeb-4190-b51c-a55991772fe6,2012-11-03,DOMINGO,00:10:00,NOCTURNO
83abf5ec-af02-45c0-9231-d81462fcb93c,2012-11-03,DOMINGO,01:40:00,NOCTURNO
0e88bdd7-4e93-4cad-817d-7eb617671ca2,2012-11-03,DOMINGO,03:15:00,NOCTURNO
79c453e5-43b0-446a-bfd3-66d92015953a,2012-11-03,DOMINGO,21:20:00,NOCTURNO
955fde89-5de9-4cea-83b0-ecb8547752c6,2012-11-03,DOMINGO,20:30:00,NOCTURNO
ef8bb98f-0339-4447-8abd-08fdc982d118,2012-11-03,DOMINGO,05:15:00,NOCTURNO
22056d95-f913-4c14-9a53-789423f3f906,2012-12-03,LUNES,18:20:00,NOCTURNO
f1af856e-94ef-4983-9063-3935a2472b3e,2012-12-03,LUNES,17:30:00,DIURNO
bdbfcb44-66a0-43c2-a63c-c6ab07bfdea1,2012-12-03,LUNES,11:10:00,DIURNO
db2367d6-4e39-4758-b4de-11a1c06a44a7,2012-12-03,LUNES,06:30:00,DIURNO
77ad0f96-3942-4dc2-8b5f-b37450553c26,2012-12-03,LUNES,12:40:00,DIURNO
98a44b2c-aac7-4dd3-ba25-0b6a9519825d,2012-12-03,LUNES,09:10:00,DIURNO
5656b9c7-5090-409c-8487-a01368c50c46,2012-12-03,LUNES,11:00:00,DIURNO
3a5a7174-4aa9-40bc-9211-992742ebbf02,2012-12-03,LUNES,15:00:00,DIURNO
1c6ca3a3-3d2b-45e8-a84f-ff9763324f4c,2012-12-03,LUNES,17:20:00,DIURNO
d1bf3fd9-f9a2-4618-958a-3763cc1ad5c2,2012-12-03,LUNES,18:15:00,NOCTURNO
2ca82b84-2f9a-4f31-a88e-af4a6fcd550e,2012-12-03,LUNES,14:20:00,DIURNO
29563316-0703-4c45-9c3a-dc12b0b1ed13,2012-12-03,LUNES,19:10:00,NOCTURNO
1da84bbf-c119-4fde-85ed-6bc0e021bebb,2012-12-03,LUNES,12:00:00,DIURNO
402db41b-05d8-48b4-b9f9-a7100a83fe39,2012-12-03,LUNES,08:40:00,DIURNO
9058ff89-5b01-405f-8c91-68a88d745290,2012-12-03,LUNES,06:40:00,DIURNO
7cf7e5e5-65fd-44fa-acc9-f8b09a885db3,2012-03-13,MARTES,20:55:00,NOCTURNO
10c33f82-8a27-4419-92d6-381294cb569e,2012-03-13,MARTES,16:00:00,DIURNO
e0dfebc9-c7c1-4e9a-8af5-d46622345d1a,2012-03-13,MARTES,10:00:00,DIURNO
56f3bc5e-a153-4ace-a60a-2d5e81026667,2012-03-13,MARTES,11:53:00,DIURNO
a5654e63-6c9f-437a-82f9-d5e26b8e92b7,2012-03-13,MARTES,07:50:00,DIURNO
55eae104-89e6-4697-88e2-ed6b8ec09159,2012-03-13,MARTES,16:40:00,DIURNO
7db6f1e8-6866-4ff8-81fd-d482ff91a88b,2012-03-13,MARTES,11:00:00,DIURNO
83ec37f2-b314-46b4-ac9c-429c5050722b,2012-03-13,MARTES,17:30:00,DIURNO
32082017-87f8-475d-aa00-eb57db26a7e7,2012-03-13,MARTES,17:55:00,DIURNO
d96f9971-7bc9-4ad3-af1e-6dc1edcf18a7,2012-03-13,MARTES,19:00:00,NOCTURNO
93b000cb-03e1-4115-ba8b-9068ef5c9e96,2012-03-13,MARTES,06:55:00,DIURNO
c8731359-09ed-4ca8-a635-28b4c8d16011,2012-03-13,MARTES,17:15:00,DIURNO
afc26b33-abd5-4cb4-bc12-1c4a1e5a8e39,2012-03-14,MIERCOLES,22:30:00,NOCTURNO
e302c372-e439-47e6-9158-4c8c3f2349ca,2012-03-14,MIERCOLES,06:50:00,DIURNO
93f59a4f-c841-4587-9d42-8cc0a716d552,2012-03-14,MIERCOLES,16:30:00,DIURNO
7011b7ce-69d7-4f17-98ac-08f00a2c7460,2012-03-14,MIERCOLES,12:30:00,DIURNO
1b9ba789-dd6c-4d12-a47d-ebbfa4eed7b3,2012-03-14,MIERCOLES,18:55:00,NOCTURNO
e1f5c987-a38d-402d-ad17-9d37eff45d70,2012-03-14,MIERCOLES,16:00:00,DIURNO
6ec75596-a575-4e44-971a-678c1a15ef30,2012-03-14,MIERCOLES,18:40:00,NOCTURNO
bdbadb5d-1a2f-4448-a89a-d2947bd1e03a,2012-03-14,MIERCOLES,20:00:00,NOCTURNO
c902b369-d329-4c38-be69-731faf1a1dff,2012-03-14,MIERCOLES,18:20:00,NOCTURNO
f4561e3b-0811-4435-93db-6016d75c526e,2012-03-14,MIERCOLES,19:10:00,NOCTURNO
96266942-2d6c-4193-b68d-eb8e0efc4d03,2012-03-14,MIERCOLES,19:05:00,NOCTURNO
427a3868-954d-461c-9988-dae2ef8966f1,2012-03-14,MIERCOLES,19:50:00,NOCTURNO
ba33f38f-74e0-4e75-a3ea-819cf53e331b,2012-03-14,MIERCOLES,07:00:00,DIURNO
029ad68b-0b45-4669-b0cb-b88e452a7598,2012-03-15,JUEVES,20:15:00,NOCTURNO
b5c7adc2-aa27-4233-a33d-ff8d3845f375,2012-03-15,JUEVES,12:40:00,DIURNO
7761507e-c4be-4683-8b77-7a8de5fe7373,2012-03-15,JUEVES,10:10:00,DIURNO
19c5caca-3c98-46c2-80f0-69fa4db28bb6,2012-03-15,JUEVES,12:30:00,DIURNO
595e47d8-ec15-4c6f-96aa-7a94a5cc79ef,2012-03-15,JUEVES,10:05:00,DIURNO
89fc9d9c-b829-4386-9133-0509271dd447,2012-03-15,JUEVES,14:20:00,DIURNO
cf0ab9e2-779f-4a48-9c5c-ffb05eff87da,2012-03-15,JUEVES,18:50:00,NOCTURNO
56c94e99-0c2b-449f-a4fd-7c030a919821,2012-03-15,JUEVES,08:25:00,DIURNO
aecf35d3-8608-4fc6-9f26-690e0ed9c557,2012-03-15,JUEVES,17:30:00,DIURNO
45bb20d5-b19d-44f1-8644-4571d6daf9dd,2012-03-16,VIERNES,02:20:00,NOCTURNO
49bd80ef-f6e6-465e-99d0-4074a9b704c0,2012-03-16,VIERNES,04:00:00,NOCTURNO
e47bf5f9-1fca-4500-9927-911e4b355ce6,2012-03-16,VIERNES,08:20:00,DIURNO
8e29a274-949a-479f-acbf-d956253e4ba9,2012-03-16,VIERNES,15:25:00,DIURNO
004dff7b-38e6-45ca-b93d-2523c3067ff3,2012-03-16,VIERNES,19:15:00,NOCTURNO
202ce29c-6c26-46a4-9058-06c77f022ffc,2012-03-16,VIERNES,09:00:00,DIURNO
ba675139-e763-4aca-b726-334b72452212,2012-03-16,VIERNES,06:54:00,DIURNO
045d5449-93ee-4f46-908f-a0497a182d82,2012-03-16,VIERNES,05:50:00,NOCTURNO
2f78c78c-6ce8-4a07-8434-d16ca38aa995,2012-03-16,VIERNES,09:30:00,DIURNO
f4a476e6-de89-474c-b78f-90fb0effacc3,2012-03-16,VIERNES,14:40:00,DIURNO
61b3badf-1cd8-4a3a-9299-5bb0cf4c3960,2012-03-16,VIERNES,19:00:00,NOCTURNO
1fb5ea28-453b-42ae-a33c-2142cb313cc0,2012-03-16,VIERNES,00:40:00,NOCTURNO
f3e536ca-c876-4f8e-94a8-a6a2730f1269,2012-03-16,VIERNES,03:00:00,NOCTURNO
017e0f04-bc74-47a0-b109-e2d81f179888,2012-03-16,VIERNES,09:10:00,DIURNO
fe7e6d98-3f09-4e6b-9995-ebc784f2ecf2,2012-03-17,SABADO,21:50:00,NOCTURNO
dc844db6-29bf-4c1a-a57b-41993245377f,2012-03-17,SABADO,08:25:00,DIURNO
bc83417a-be9b-4b11-b431-151bd25b4288,2012-03-17,SABADO,17:30:00,DIURNO
0f441a76-97e9-4afe-874e-2e786766cef7,2012-03-17,SABADO,09:30:00,DIURNO
daef6d23-64a2-449a-b2a7-dfed7fab1858,2012-03-17,SABADO,15:10:00,DIURNO
8b94f289-dfe4-4219-be93-dfeffe654f41,2012-03-17,SABADO,20:30:00,NOCTURNO
14008c00-96b8-4565-8f3c-7aa4121a1f9b,2012-03-17,SABADO,21:20:00,NOCTURNO
1745ba0b-a92b-4b67-b219-76e1addc9f62,2012-03-17,SABADO,10:45:00,DIURNO
55c268f3-e648-4df8-a474-943009943002,2012-03-17,SABADO,17:20:00,DIURNO
dd8c3af2-d90b-4976-bb75-2d71b735f2cd,2012-03-18,DOMINGO,02:20:00,NOCTURNO
cf823ed1-c829-41d2-ac35-21978bac4181,2012-03-18,DOMINGO,23:30:00,NOCTURNO
050a5240-db1c-40d1-a534-5e483f4e943c,2012-03-18,DOMINGO,21:30:00,NOCTURNO
8750f2d7-7b28-4323-8196-09f6d46c8230,2012-03-18,DOMINGO,10:40:00,DIURNO
c6741a89-d87e-4b86-8cfb-f36a615914a2,2012-03-18,DOMINGO,11:00:00,DIURNO
1bc53f0f-c13a-41fd-a45a-819c75603eb8,2012-03-18,DOMINGO,08:30:00,DIURNO
0b54a3ec-ac81-4029-a717-b733bc7dde0b,2012-03-18,DOMINGO,21:35:00,NOCTURNO
08a6891c-8473-4735-ad3a-9e66596ea3e6,2012-03-18,DOMINGO,22:30:00,NOCTURNO
ebdeae5e-356c-4299-a4f7-d3bf002ade15,2012-03-18,DOMINGO,14:50:00,DIURNO
3b6eb107-3c29-4a7c-8ac7-b3babdc1d672,2012-03-18,DOMINGO,10:00:00,DIURNO
237e6da5-1030-46d7-9fb4-2216eaed33ab,2012-03-18,DOMINGO,13:20:00,DIURNO
0dd2560e-7353-4cc8-a4d9-6054047409da,2012-03-19,LUNES,16:00:00,DIURNO
9448bfe4-2b68-420d-98c2-32c3e04677e3,2012-03-19,LUNES,17:50:00,DIURNO
a8ff9477-0151-49d6-bf4b-3ece88fc3f4a,2012-03-19,LUNES,11:15:00,DIURNO
ce036c20-4225-4401-9dfb-a748a4ba4d74,2012-03-19,LUNES,11:20:00,DIURNO
82df8e6c-f78b-43b2-b710-5e1dc6125542,2012-03-19,LUNES,12:30:00,DIURNO
e0cb4992-6a22-478c-a3b4-8548ca484d09,2012-03-19,LUNES,16:00:00,DIURNO
3c25a814-3239-443e-9acd-44cbc4e58b2a,2012-03-20,MARTES,17:00:00,DIURNO
15e174e2-e72b-4b6c-8a48-df27bf772dfb,2012-03-20,MARTES,09:30:00,DIURNO
c848d309-da1e-4c99-92d8-f81d375b35e2,2012-03-20,MARTES,12:05:00,DIURNO
ba76fd76-ed9b-4cf1-855d-91ec628b3a46,2012-03-20,MARTES,15:20:00,DIURNO
2354a9af-f4bb-4b41-804a-affb10d9c244,2012-03-20,MARTES,16:30:00,DIURNO
45e49fa7-8dc9-49ba-a16d-510fc92a040b,2012-03-20,MARTES,06:50:00,DIURNO
08231990-29fe-48ae-beb8-963fad9b7153,2012-03-20,MARTES,12:00:00,DIURNO
56ea5b58-a65f-424f-8796-030c64b7847b,2012-03-20,MARTES,20:50:00,NOCTURNO
7cb02c78-cf6c-4263-8b47-d8e16a006a50,2012-03-20,MARTES,00:10:00,NOCTURNO
5fcafa2b-292f-4248-803d-1d21acf29033,2012-03-20,MARTES,22:40:00,NOCTURNO
6739a6c1-f909-4f5f-9f79-d96b1a51c9e0,2012-03-20,MARTES,21:00:00,NOCTURNO
ec0d3924-b2f5-4004-89c1-4ac0c35e9f44,2012-03-20,MARTES,14:00:00,DIURNO
c93f9444-89d5-40c0-a367-45b5061f6e2a,2012-03-20,MARTES,18:40:00,NOCTURNO
c66297b6-d822-46cd-88b7-e1f088ffa4c0,2012-03-20,MARTES,10:50:00,DIURNO
cbfccf51-dfd7-4a04-8f2f-45becb23e271,2012-03-20,MARTES,16:20:00,DIURNO
beed99eb-13c4-4763-a3b3-df2ac6e43aa3,2012-03-20,MARTES,17:45:00,DIURNO
2db5c576-7ac7-49d2-8a82-6c5bb044c303,2012-03-21,MIERCOLES,17:30:00,DIURNO
39e8305e-ff11-46cd-9eb7-4827db7b9742,2012-03-21,MIERCOLES,07:20:00,DIURNO
8f085508-a4f6-4af2-bfac-7a7747b8495e,2012-03-21,MIERCOLES,11:00:00,DIURNO
b7d44084-ef4d-4940-851d-31d68f052ec9,2012-03-21,MIERCOLES,15:40:00,DIURNO
ad5e326b-67b9-44bc-8213-5601cc25943b,2012-03-21,MIERCOLES,11:00:00,DIURNO
4dec40c3-0c58-4a5b-9a46-ff7d828fc4e4,2012-03-21,MIERCOLES,10:15:00,DIURNO
72a1e0e7-9cb9-4784-a6c0-20eb664e2eb0,2012-03-21,MIERCOLES,14:50:00,DIURNO
f49ee2f7-ece7-4a84-ad04-f1928688b6d0,2012-03-22,JUEVES,13:30:00,DIURNO
1340b731-7768-4385-9f4b-23486f41d8e6,2012-03-22,JUEVES,17:10:00,DIURNO
f5e611c9-af7b-4d98-8393-afd508947df3,2012-03-22,JUEVES,19:00:00,NOCTURNO
4fcc7d6e-b2af-4967-b48f-79439851544c,2012-03-22,JUEVES,18:15:00,NOCTURNO
15861ec6-6dfa-4c8b-99aa-9abab5beae9d,2012-03-22,JUEVES,11:00:00,DIURNO
ee22acf2-a6db-454f-b9c6-5da124c236a7,2012-03-22,JUEVES,16:37:00,DIURNO
0beb43a4-7835-4298-a6fa-2d97e7d9adba,2012-03-22,JUEVES,12:00:00,DIURNO
91478884-5785-4752-ad8b-cc2219b71f1f,2012-03-22,JUEVES,12:20:00,DIURNO
286f2c1d-2fc6-4a7c-9644-7f336a5ef136,2012-03-22,JUEVES,14:50:00,DIURNO
7b2b7323-c14c-4023-b14c-e7086fdedda7,2012-03-22,JUEVES,16:00:00,DIURNO
e67e803b-50a8-4f28-9b53-83335fc44f54,2012-03-22,JUEVES,20:30:00,NOCTURNO
b8d27568-6c42-4210-bb63-ac0fa11f781b,2012-03-22,JUEVES,15:20:00,DIURNO
e9ff7bd5-b690-4aa8-8e92-1d2d7dffc96b,2012-03-22,JUEVES,05:30:00,NOCTURNO
17867f98-a31f-4b8d-9ba1-a7a934be83aa,2012-03-22,JUEVES,12:15:00,DIURNO
6973c96b-4dac-4129-94d2-a92373587b10,2012-03-23,VIERNES,14:30:00,DIURNO
5caf6b86-f02a-4dab-b91c-c9e7138df9cc,2012-03-23,VIERNES,13:45:00,DIURNO
3a9e3eed-abba-4da6-a037-8550cbdd4d49,2012-03-23,VIERNES,15:15:00,DIURNO
aa753f6a-2b14-40db-9cef-a03be3c4d102,2012-03-23,VIERNES,19:00:00,NOCTURNO
d87caf6b-e1c5-4f89-8b2d-8a2aca944458,2012-03-23,VIERNES,07:30:00,DIURNO
e0fdd316-710f-45e9-ae4e-24793114593d,2012-03-23,VIERNES,18:40:00,NOCTURNO
9570b243-6333-4cbb-afab-f6c644176775,2012-03-23,VIERNES,15:40:00,DIURNO
334c6363-19cd-42ac-84da-cb034493a0b0,2012-03-23,VIERNES,17:40:00,DIURNO
64d96aa4-9ea9-4a9a-aaa2-165ec6359c32,2012-03-23,VIERNES,22:35:00,NOCTURNO
adcdb8aa-75a5-449b-bca8-2c44dae4d731,2012-03-23,VIERNES,14:15:00,DIURNO
c230b413-f70f-4af6-8d16-7c25f75afa44,2012-03-24,SABADO,00:50:00,NOCTURNO
fee6a5a7-7901-42b4-9150-bdd6d92e1420,2012-03-24,SABADO,22:00:00,NOCTURNO
f8afd1ae-f06e-42e1-87d6-1a67d67d9c9b,2012-03-24,SABADO,22:30:00,NOCTURNO
60be4fb2-6ef0-4afd-96b4-e67fb5df5e00,2012-03-24,SABADO,12:00:00,DIURNO
f1f0c34e-62e0-4b1a-882b-abd04d7f8233,2012-03-24,SABADO,13:30:00,DIURNO
09576ef3-9832-40f7-bcd2-53b6576407a0,2012-03-24,SABADO,14:30:00,DIURNO
7bd1dbd1-bf36-47a2-b4ff-418e61553099,2012-03-24,SABADO,13:30:00,DIURNO
8f11f7fd-06ca-4d0e-ba83-8ac98699a724,2012-03-24,SABADO,17:30:00,DIURNO
9d35338c-76b8-4b99-9208-91b08634a69f,2012-03-24,SABADO,09:00:00,DIURNO
3c245b0a-ef77-4db6-9a63-c4fdb1aecb26,2012-03-24,SABADO,08:00:00,DIURNO
cf9b93d8-622b-4afa-aff5-f001f9eaee33,2012-03-24,SABADO,21:00:00,NOCTURNO
db9b22d4-26a0-413d-8cb3-bfa103fcaf4b,2012-03-24,SABADO,01:10:00,NOCTURNO
f42e6a95-5fd3-4f19-9798-a305ddd2828b,2012-03-24,SABADO,20:55:00,NOCTURNO
faba9464-4823-4448-9ae1-481329fc1b53,2012-03-24,SABADO,08:40:00,DIURNO
b3c6f8f8-2a18-4dd6-9d69-fb4f68687924,2012-03-24,SABADO,12:45:00,DIURNO
61b577e6-eca2-4366-9be2-c57900eda8a7,2012-03-25,DOMINGO,00:28:00,NOCTURNO
219c0b8e-80a2-45a1-a02a-7a4a1af3ddec,2012-03-25,DOMINGO,08:00:00,DIURNO
a83d0eaf-cc27-4ddc-b143-a3913afa9fbd,2012-03-25,DOMINGO,11:00:00,DIURNO
