ID_VEHICULO,PEATON,AUTOMOVIL,CAMPERO,CAMIONETA,MICRO,BUSETA,BUS,CAMION,VOLQUETA,MOTO,BICICLETA,OTRO
5d3f6e50-76ae-4a1b-a7ad-3c35866b9cb2,0,1,0,0,0,0,0,0,0,0,0,0
4d591e1c-1117-40a2-8dd0-2d0671348286,0,1,0,1,0,0,0,0,0,0,0,0
e0593b2c-12af-473e-ae80-a680d6f88aae,0,0,0,1,0,0,0,0,0,0,0,0
6c301fc8-f33e-4bf2-868c-2d339a4b14af,0,1,0,1,0,0,0,0,0,0,0,0
3a4eaf03-d62d-4cb7-bbc0-1cf14d093f64,1,0,0,0,0,0,0,0,0,1,0,0
7aa22501-16ca-43d2-9be7-c53d1125a7bf,0,1,0,0,0,0,0,0,0,1,0,0
0b26ec4b-414c-4cce-9009-d0074636a085,1,0,0,0,1,0,0,0,0,0,0,0
8f58ec85-58eb-42a6-8f87-d46fe79b90f8,0,0,0,2,0,0,0,0,0,0,0,0
0be00509-0c1a-450c-8e47-99f7972b47e6,0,1,0,0,0,0,0,0,0,0,0,1
4936ba83-c59a-47d8-a691-8c4ff5aa7a2d,0,1,0,0,0,0,0,0,0,0,0,0
669df6dc-0a47-43bc-92a9-ca95b3d59f7a,0,2,0,0,0,0,0,0,0,0,0,0
57ea1e6f-608f-4f62-89fd-73747f06c13c,0,0,0,0,0,0,0,1,0,1,0,0
4aaff4e3-6179-45ae-9209-16ebd59f9655,0,0,0,0,0,0,0,0,0,1,0,0
4991930e-9cc3-427a-adcc-c320ad55026d,0,1,0,0,0,0,0,0,0,1,0,0
6974b70f-4818-44c9-92ad-f08117885bfb,0,0,0,0,0,0,0,0,1,1,0,0
571abdf3-9dbb-4404-a41a-0c3e49fbae54,0,0,0,0,1,0,0,1,0,0,0,0
17ff9d1a-5fa1-4792-8a76-1af07577ca83,0,0,0,1,0,0,0,0,0,1,0,0
65879c33-c83f-4321-b997-8722869454fd,0,1,0,1,0,0,0,0,0,0,0,0
5a342910-1ffc-49c4-9cae-186846039096,0,1,0,0,0,0,0,0,0,1,0,0
f5f0a5c4-9d7e-4469-9448-e9d2c63266ba,0,1,0,1,0,0,0,0,0,0,0,0
afb84762-fe30-464a-9d04-f95e0a10f49a,0,3,0,0,0,0,0,0,0,0,0,0
6f740ffa-c3b0-43e5-bc18-4bbefa1dc6d1,0,1,0,0,0,0,0,0,0,1,0,0
de0344cc-e713-4777-826a-1845ff70e677,0,1,0,0,0,0,0,0,0,0,0,0
c669b988-bff4-4b9c-9ff1-02a5e3e4c3b9,0,1,0,1,0,0,0,0,0,0,0,0
0b876b2d-5396-4aa4-b3e8-f1ae518e1f78,0,0,0,0,0,0,0,0,0,2,0,0
09390393-8e40-4f31-84c7-b3ed71d36348,0,1,0,0,0,0,0,0,0,0,0,0
cbd3a8c3-8f61-44e3-93c5-a9603fbd9732,0,0,1,0,0,0,0,0,0,1,0,0
c7b480d7-b3eb-4168-a26a-74b8dde8fcb7,0,1,0,0,0,0,0,0,0,1,0,0
c0909d91-5201-4e4a-b9a5-7323b5f05a35,0,1,0,0,0,0,0,0,0,1,0,0
066923ca-d469-4763-a2e7-1b0ac73a73b9,0,1,0,0,0,0,1,0,0,0,0,0
5406ea0e-ff49-45d2-8098-4b33504a19bb,0,0,0,0,0,0,0,1,0,1,0,0
1dcaee3e-026c-4397-8e86-f439d86c2096,0,1,0,0,0,0,0,0,0,1,0,0
a12fd24f-b84f-4de8-8ed5-35ad65cc2e42,0,0,0,2,0,0,0,0,0,0,0,0
fecca23b-dd64-4e32-91a9-ff395289308f,0,1,0,0,0,0,0,0,0,2,0,0
db2a232b-16b8-41d5-aa04-a7b6ca56a276,1,1,0,0,0,0,0,0,0,0,0,0
14e557f9-a003-434e-99d0-17b716c240ab,0,1,0,0,0,0,0,1,0,0,0,0
7bd34977-0e1a-40f2-9c67-749fdefbf516,1,0,0,1,0,0,0,0,0,0,0,0
d2264aab-f92b-45c1-8aff-50b2d507fc25,0,2,0,0,0,0,0,0,0,0,0,0
258dec75-ac4f-48ce-b12c-1a221ed43720,0,1,0,1,0,0,0,0,0,0,0,0
760bbe57-6337-4270-8f09-e7aee554b981,0,1,0,0,0,0,0,0,0,1,0,0
2061145f-46f5-404c-ae46-cc1d079e0ebb,1,1,0,0,0,0,0,0,0,1,0,0
b4240223-c7f7-4a08-b4b3-186c9c3bff21,0,1,0,1,0,0,0,0,0,0,0,0
f3f8f33f-7bd5-4fe5-889e-d2d14247b834,0,0,0,0,0,0,0,0,1,0,0,0
fac38090-1f68-47b2-b2d5-ee64e2055b30,0,1,0,0,0,0,0,0,0,0,0,0
d92d9a10-3602-48fb-8b70-ad7262b26823,1,1,0,0,0,0,0,0,0,0,0,0
a38c0f49-4618-45c6-9b42-d4a5abfb1790,1,0,0,0,0,1,0,0,0,0,0,0
34ae17a5-4ff0-485a-89e5-58ee37b29992,0,1,0,1,0,0,0,0,0,0,0,0
5f6dacb1-1396-4c68-a438-87b9429a2a33,0,2,0,0,0,0,0,0,0,0,0,0
6447a566-90d7-402b-aca3-eaf635f89b5d,0,0,0,0,0,0,0,0,0,1,1,0
c3c2d9b8-590c-4788-85a5-50f551614c87,0,1,0,0,0,0,0,0,0,1,0,0
82ce04f5-8cdd-4aa7-97a5-7caaa53418a4,0,1,0,0,0,0,0,0,0,1,0,0
f22d9b19-09bc-4b93-a558-e7e9e275036c,0,0,0,1,0,0,0,0,1,0,0,0
d4976d0e-bc09-472d-8358-9e5f9c875562,0,1,0,0,0,0,0,0,0,1,0,0
8ae031a4-9549-4bd4-b947-cdf3fdc1d0fa,0,1,0,1,0,0,0,0,0,0,0,0
7c4d17ec-2e93-4724-94ad-6dc5f5ffbf13,0,1,0,0,0,0,0,0,0,1,0,0
62525f34-3e5e-4da1-8cbd-17ca9d944866,0,1,1,0,0,0,0,0,0,0,0,0
f41a1241-39ac-47f8-bfca-1e96bd231ab3,0,2,0,0,0,0,0,0,0,0,0,0
711aea50-32a7-4f6e-b2ea-badcd02be929,0,1,0,0,0,0,0,0,0,1,0,0
e113aff5-9ea2-4318-9623-4f653b42e3b0,1,0,0,0,0,0,1,0,0,0,0,0
1ddbb63a-7399-42df-8f71-ab07fef13ebd,1,0,0,0,0,0,0,0,0,1,0,0
3cf643fb-ac82-43c5-abca-c72d7a5c723b,0,1,0,0,0,0,0,0,0,1,0,0
607bee7b-5b21-4a78-8d75-06012317dc09,0,1,0,1,0,0,0,0,0,0,0,0
d97aed3f-d0ff-41b4-bc1a-837801e7ee07,0,2,0,0,0,0,0,0,0,0,0,0
7ab6ca09-6f54-42fa-9095-3c02de4da998,0,0,0,0,0,0,0,0,0,1,0,0
72ab4bb6-8aa4-4ac4-8566-544d6d424cee,0,0,0,0,0,0,0,0,0,1,0,0
d02d66c1-f45f-499f-aa6a-8f99550286cc,0,1,0,0,0,0,0,0,0,1,0,0
624bfa3b-7241-4fe9-a4c9-0f9a181e3687,0,1,0,0,0,0,0,0,0,1,0,0
4c28e4ec-2738-47f5-9e1c-ae4f45ea05b7,0,0,0,0,0,0,0,0,0,1,0,0
a9f6d7ca-958f-4dd0-bbad-2ca1bb73867b,0,0,0,1,0,0,0,0,0,1,0,0
d93f2575-fd0e-445f-b1c4-99accc0e7365,0,2,0,0,0,0,0,0,0,0,0,0
924e1126-f7f3-41ff-a4c5-8061ea4e892e,0,1,0,1,0,0,0,0,0,0,0,0
63028176-792e-4dcc-9969-76d27e4e9308,0,1,0,0,0,0,0,0,0,1,0,0
7cadef64-0d31-4866-a4e0-658024da52f6,0,1,0,0,0,0,0,0,0,1,0,0
2311aefb-beb1-4a37-9675-d5b26e4a546a,0,1,0,0,0,0,0,1,0,0,0,0
1b2a58b8-420e-4968-ad8d-aee1a1dd79f9,0,0,0,0,0,0,0,0,0,1,0,0
0f4502c4-6a1e-4c1e-9d54-d631541bfeed,0,1,0,1,0,0,0,0,0,0,0,0
fe8344c5-1186-47cb-bbc4-6a081ddda945,0,0,0,0,0,0,0,0,0,1,0,0
a107a3a9-ccc0-4949-a04e-ee91aa314496,0,0,0,0,0,0,1,0,0,1,0,0
f0770807-16cb-4476-b40f-6c2e89d91a13,0,1,0,0,0,0,0,0,0,1,0,0
592a68a8-17d2-433d-ad0a-9c067a823fd8,0,1,0,0,0,0,0,0,0,1,0,0
45c626f7-81c1-45e1-8e7c-f301a2ac24ec,0,1,0,0,0,0,0,0,0,0,1,0
60e7a9cd-5ed4-4f7c-97ca-0ec30ccc48d6,0,0,0,0,0,0,0,0,0,0,0,2
f443c723-56ab-43fa-b57e-eb18c189e1de,1,0,0,0,0,0,0,0,0,1,0,0
8c0d53af-a73f-4802-866f-ebe3e8db1ec0,0,1,0,0,0,0,0,0,0,1,0,0
6d768e77-9fdf-4d73-9de7-4146f9be28bc,0,0,0,0,0,0,0,0,0,2,0,0
9574172c-62fe-4002-85c1-59a03d824e40,0,3,0,0,0,0,0,0,0,0,0,0
ef786581-06ee-432f-b5fe-7e6878d61077,0,2,0,0,0,0,0,0,0,0,0,0
ce112376-12c5-44dc-87f0-eb347828d4b6,0,1,0,0,0,0,0,1,0,0,0,0
e9b20430-ebc2-4a40-b334-8e6aa3efd52f,0,1,0,0,0,0,0,0,0,1,0,0
3763ae1f-0ec6-46aa-806a-261e4e2b9356,0,1,0,0,0,0,0,0,0,1,0,0
de59d2b1-6c02-4352-af37-72b1f82403a9,0,0,0,1,0,0,0,0,0,1,0,0
364cfdbb-e469-4746-b18d-d88a1f6d9c85,1,0,0,0,0,0,0,0,0,1,0,0
1d09fa55-c6d6-4cfb-8642-743b3552f75d,1,0,0,0,0,0,0,0,0,1,0,0
d2148347-2a05-4799-b2e5-bd42cc6303cc,0,1,0,0,0,0,0,0,0,1,0,0
8af67936-34f9-43e0-959e-611dfdc996aa,0,0,0,0,0,0,0,0,0,2,0,0
88bb610e-6b3f-40f2-9ed2-8a0e05064ef6,1,1,0,0,0,0,0,0,0,0,0,0
b58db4d4-7adb-4961-82f6-a21f6a9cc472,0,1,0,1,0,0,0,0,0,0,0,0
2e23fd7c-278a-4ea9-96e9-ab97fc677728,0,1,1,0,0,0,0,0,0,0,0,0
bf4f5ef8-7467-4fd3-8f90-27f7094da4bb,0,0,0,0,0,0,0,0,0,1,0,0
1b1cab75-e370-4c2a-9d5b-420e670703f9,0,0,0,2,0,0,0,0,0,0,0,0
e24f51c7-1ee8-4c15-a820-fc4a01eb8647,1,0,0,0,0,0,0,0,0,1,0,0
fa59b5ed-8d88-45e5-9d7e-d38ea465e9d3,0,0,0,1,0,1,0,0,0,0,0,0
2ee5a2c5-04eb-459f-923b-9614ab346606,0,1,0,0,0,0,0,0,0,1,0,0
5f024b17-a254-4147-b0cc-c1fb84e173a3,0,0,0,0,0,1,0,0,1,0,0,0
8582b20d-d0bb-4761-96fa-8cca202a365a,0,0,0,1,0,0,0,0,0,1,0,0
232e0f8f-18e5-4339-b673-fa306d57338c,0,0,0,0,0,0,0,1,0,0,0,1
3dd5e8f2-8629-4566-b922-7477a4797ee2,0,0,0,2,0,0,0,0,0,0,0,0
5e2f1f5c-4269-460f-81aa-73778c25c6f7,0,2,0,0,0,0,0,0,0,0,0,0
247a51ba-a4b9-46fd-8e26-45ba75a013b1,0,0,1,0,0,0,0,0,0,1,0,0
bb92933d-3b9f-4778-9830-0f555e019e9f,0,1,0,0,0,0,0,1,0,0,0,0
ac734021-2858-44a1-97af-c6bf9c0272bd,0,2,0,0,0,0,0,0,0,0,0,0
aff0c63e-5e41-491e-904d-517ba29f07a8,0,0,0,0,0,0,0,1,0,0,0,0
04c78d97-95b5-4a88-8866-335815375ebb,0,0,0,0,0,1,0,1,0,0,0,0
ca85b06e-537d-4c77-b274-54dbc2507175,0,2,0,0,0,0,0,0,0,0,0,0
7f565337-1f83-4606-b90a-dd82a0d6ecc2,0,1,0,0,0,0,0,0,0,0,0,0
c3b8f0c1-a024-4991-acb5-c66f7b6362d8,0,1,0,0,0,0,0,0,0,1,0,0
00a16293-8ee7-44d1-a594-fbd9501599e4,0,0,0,0,0,0,0,0,0,2,0,0
381e4b6e-a793-4ffd-ae12-ea766ec98a70,0,0,0,0,1,0,0,0,0,1,0,0
e3734b10-5e2f-4f5a-9ca4-153f95cd4dcb,0,0,0,0,0,0,0,0,0,2,0,0
c0bccb27-01e3-40c2-83f0-6a6308f44ef2,0,0,0,0,0,1,0,1,0,0,0,0
0297832c-dfb5-4631-b9df-2facf0bdc86c,0,2,0,0,0,0,0,0,0,0,0,0
e04d6a41-a521-42b8-ae4b-7a91a63fba01,0,2,0,0,0,0,0,0,0,0,0,0
8fcdca47-2bf6-4958-9211-3fe3d38413df,0,2,0,0,0,0,0,0,0,0,0,0
e6e8826e-14fd-4132-9aef-aaa418e0ef88,0,3,0,1,0,0,0,0,0,0,0,0
874e8ee7-5637-4c43-bbce-5ce553792cf2,0,0,0,1,0,0,0,0,0,0,0,0
2a479915-7840-4ce5-a1ab-7b63cc863806,0,1,0,0,0,0,0,0,0,1,0,0
c11de335-13ff-4cf5-918c-58f733674b67,0,1,0,0,0,0,0,0,0,1,0,0
0817adee-82ff-4df9-b30e-f1bbb2036b5d,0,1,1,0,0,0,0,0,0,0,0,0
8a974a77-9905-423e-9ab3-57022d124237,0,1,1,0,0,0,0,0,0,0,0,0
4e3afa30-950a-4e3b-be42-0a118d084b24,0,0,0,0,0,0,0,0,0,2,0,0
2cc3c5a9-9597-4714-933b-c135deb50d0b,1,1,0,0,0,0,0,0,0,0,0,0
75e9c05f-c4a6-4b1a-9014-a9d0f16fb258,0,1,1,0,0,0,0,0,0,0,0,0
3a01b5e8-dc1a-41a3-8548-21cadf63fcab,0,2,0,0,0,0,0,0,0,0,0,0
37124639-f534-4b19-b780-e6d15655b90c,0,1,0,0,0,0,0,0,0,0,0,0
8567d0fb-7d11-45b4-87a6-27e6f250b948,0,1,0,0,0,0,0,0,0,1,0,0
5fbe8125-2864-432c-b5c8-fd1896d0fad6,0,1,0,0,0,1,0,0,0,0,0,0
bc7ced87-b325-4050-879b-8584bba11d13,0,2,0,1,0,0,0,0,0,0,0,0
fc0853ac-a8d5-4060-9410-547fb4d8eb1b,0,0,0,1,0,0,0,0,0,1,0,0
bb282ef9-bba1-478c-a6ee-9a3a1979b9e2,0,1,0,0,0,0,0,0,0,1,0,0
01855796-3096-4722-ab39-09fff64b993a,0,0,0,1,0,0,0,0,0,1,0,0
9f280f40-7858-48b0-bbb1-d1d5a5bf6254,0,0,0,0,0,0,0,0,0,1,0,0
a760c5e8-1335-4a61-bd60-2deb78123270,0,1,0,1,0,0,0,0,0,0,0,0
a58566a1-fd90-43d0-ac86-376be65594a8,0,1,1,0,0,0,0,0,0,0,0,0
decee6fd-61fb-4704-8217-9f4d955dcb46,1,0,0,0,0,0,0,0,0,1,0,0
bc0861b8-aa21-4e74-9dc2-cfbef8ac7593,0,0,0,0,0,1,0,1,0,0,0,0
edd33515-faae-4501-b7a9-a768b7ea9113,0,2,0,0,0,0,0,0,0,1,0,0
f99d9f89-ee48-412c-9b9b-13255c827d4c,0,1,0,0,0,0,0,0,0,1,0,0
c61b8281-f1c7-403e-9475-5cb62adf3a0e,0,0,1,0,0,0,0,0,0,1,0,0
c4c08f5c-fe2a-4721-b7c5-db4a6becf2bc,0,2,0,0,0,0,0,0,0,0,0,0
c41da907-21b3-40e0-a63e-e5f4a540cf04,0,0,0,1,0,0,0,0,0,2,0,0
ef120349-f38e-46a0-baa0-114acebea028,0,1,0,0,0,0,0,0,0,1,0,0
21e20756-f40a-40c7-84ba-296c008304cb,1,0,0,0,0,0,0,0,0,1,0,0
ec5f2761-9feb-4b3e-9fc4-1b07f4bdda90,0,0,0,0,1,0,0,0,0,1,0,0
6ed1985c-7a94-418e-98f3-17bc3b26415c,0,1,1,0,0,0,0,0,0,0,0,0
8ec9cc5e-d83e-45f0-b7e4-8b0378ea8ee8,0,1,0,0,0,0,0,0,0,1,0,0
f18e53e8-d314-4e57-91f5-3384aaad35a7,0,1,0,1,0,0,0,0,0,0,0,0
c049d6ec-6a94-40e5-98f4-f07d453b1f0b,0,1,0,1,0,0,0,0,0,0,0,0
5544cf5b-5d9d-4265-8235-cf0772624755,0,2,0,0,0,0,0,0,0,0,0,0
5ca2a903-26e5-452b-987d-646734bd877a,0,1,0,0,0,0,0,0,0,1,0,0
fda97d60-2031-4046-b9d1-55814b2b2d73,0,0,0,0,0,0,0,0,0,1,1,0
31488651-7aca-4bba-91e0-14f0aa5106b4,0,1,0,0,0,0,0,0,0,1,0,0
f7bd56a4-5c55-45c6-bf90-eeef8aafa520,0,1,0,0,0,0,0,0,0,2,0,0
f15724a6-10f6-4af1-b2f3-c0831049e6df,0,1,1,0,0,0,0,0,0,0,0,0
b7b8ce68-372c-4d34-892f-62d96ef6065f,0,1,0,0,0,0,0,0,0,1,0,0
8323bcc4-8686-43ff-bd67-324732a3e0f4,0,0,0,1,0,0,0,0,0,1,0,0
3c1dee7b-6411-4d1d-8110-969e4a7fecea,0,1,0,0,0,0,0,0,0,2,0,0
679035c4-e336-4aed-8e31-1ecc2fb9e335,0,1,0,0,0,0,0,0,0,1,0,0
0b7f3bfb-4b89-4cfa-86ee-07e3e371d83b,0,1,0,0,0,0,0,1,0,0,0,0
b2cfb12c-3ffc-41a2-b20d-b0aefbb58b18,0,0,0,1,0,0,0,0,0,1,0,0
208934de-e59b-4e43-af92-39e652a83926,0,0,0,2,0,0,0,0,0,0,0,0
b999be0c-d52d-4036-ba0d-a19050783011,0,0,0,0,0,0,0,0,0,1,0,0
ee52ee71-5494-4f31-ad11-cf0fd90bfe8c,0,2,0,0,0,0,0,0,0,0,0,0
696c4677-6943-4a21-bf7b-f32c2bad718a,0,1,0,0,0,0,0,0,0,1,0,0
3cd3b1ac-8adc-48e9-b356-609c15e6fbb7,0,1,0,0,0,0,0,1,0,0,0,0
64b94361-8957-4492-9375-c49e9eab7af0,0,2,0,0,0,0,0,0,0,0,0,0
76299514-7956-4911-ae07-b492ae00b1a9,0,2,0,0,0,0,0,0,0,0,0,0
d51a04d4-a0f0-4a37-888f-55533762742b,0,1,0,0,1,0,0,0,0,0,0,0
d2286879-9ed8-4e13-a71d-e1b1580a2edf,0,2,0,0,0,0,0,0,0,0,0,0
2e55f5c5-7fe0-4b1c-8223-fd15c1468ac5,0,2,0,0,0,0,0,0,0,0,0,0
c8b52fdd-2e3a-4495-a3ec-d0f867f8f144,0,0,0,2,0,0,0,0,0,0,0,0
2a378e60-9652-4da1-b278-f7c441b57e1d,0,2,0,0,0,0,0,0,0,0,0,0
cf58da3b-a3c3-4fae-bde2-49661cdb3ffe,0,2,0,0,0,0,0,1,0,0,0,0
18adaf6e-a2ec-4951-a78d-7775c240f438,0,2,0,0,0,0,0,0,0,0,0,0
171e575a-4edc-4485-afe9-ed832fff47b4,0,2,0,0,0,0,0,0,0,0,0,0
62db8970-9af7-4948-9858-09b30221c306,0,0,0,1,0,0,0,0,0,1,0,0
4b927fe5-4d6e-4579-9f7c-2db2b4ac7b83,0,1,0,1,0,0,0,0,0,0,0,0
b0871432-b02c-4af9-8e0a-295d6e20e0bd,0,2,0,0,0,0,0,0,0,0,0,0
ee16a6d1-058b-48ef-aacb-be5eb25e5b71,0,0,0,1,0,0,0,1,0,0,0,0
ae21d089-d3c5-4bdd-8d4a-470f0d4ff2d4,0,0,0,0,0,1,0,0,0,1,0,0
ef8e23a9-6da6-48b8-88ae-2e9875945431,0,1,0,0,0,0,0,0,0,1,0,0
b169f7ea-f648-463d-9de2-6f9f2494d83a,1,0,0,0,0,0,0,0,0,1,0,0
b3453a2d-cfd6-4cf5-8377-b6dbf51d3de6,0,1,0,0,0,0,0,0,0,1,0,0
43c79ce6-5122-466b-9331-2f4161a621b9,0,1,0,0,0,1,0,0,0,0,0,0
9e97a47f-abeb-4093-a0b6-90a7c00423a7,0,2,0,0,0,0,0,0,0,0,0,0
39e4af9e-fba2-4bb4-839a-4ca453314954,0,2,0,0,0,0,0,0,1,0,0,0
c9265ef7-98ba-4d07-8653-28e96772efe7,2,0,0,0,0,0,0,0,0,1,0,0
6172dbc2-4252-44d8-9eed-f93d9be0561b,0,1,0,0,0,0,0,0,0,1,0,0
9fbd6de6-682a-48f3-9943-62ac19cf531f,0,1,0,0,0,0,0,0,0,1,0,0
cd47ad04-27e0-4dc5-9880-67e723457d39,0,1,1,0,0,0,0,0,0,0,0,0
caddcf23-a8a4-4ac1-b7df-f3e7f321c012,0,1,0,0,0,0,0,1,0,0,0,0
c62eff70-62f9-4b8a-a3b6-9c181456bb49,0,1,0,1,0,0,0,0,0,0,0,0
4dd041df-c0a5-4cda-a6e1-844c569ed854,0,1,0,0,0,0,0,0,0,1,0,0
971c5851-9441-4cc8-a5d9-e8fc447c38ce,0,0,0,0,0,0,0,0,0,2,0,0
f3b1a5b4-e687-4728-b4da-8b9b5ef4e1e4,0,1,0,0,0,0,0,0,0,1,0,0
5114de66-6e3e-407d-804d-7fd97b5f6b52,0,1,0,0,0,0,0,0,0,1,0,0
e3cf4202-c772-4c36-8432-b5e5d0161123,0,1,0,0,0,0,0,0,0,1,0,0
28b29684-9691-45b9-8b27-2fe3618381a6,0,1,0,0,0,0,0,0,0,1,0,0
be2c0bc9-05f2-4f65-8e23-909ae648be3c,0,1,0,0,0,0,0,0,0,1,0,0
54b01338-157a-4924-b69c-6738129e7c91,0,1,0,0,0,0,0,0,0,1,0,0
8abceee0-e0bc-421d-b58b-f8550fbc3c08,0,1,0,0,0,0,0,0,0,1,0,0
36b6eace-f6b6-492f-be4b-c74139ecf0a0,0,2,0,0,0,0,0,0,0,1,0,0
f078abba-995d-424e-94b7-b81dc555f00e,0,1,0,0,0,0,0,0,0,1,0,0
6331cbbb-7e13-49d0-bec1-f3836fef88d3,0,1,0,0,0,0,0,1,0,0,0,0
38cf4acb-ac4e-4221-be70-2e4b0cfe3b0d,0,0,0,0,0,0,1,1,0,0,0,0
4069f664-c487-4c88-a4a1-82e86149852f,0,1,0,0,0,0,0,0,0,2,0,0
df7e0393-420c-49af-af19-7a4bccc23457,0,0,0,0,0,0,0,0,0,3,0,0
b3a6d4a4-a1f1-4217-a617-b40a68dd450f,0,1,0,0,0,1,0,0,0,0,0,0
3caab182-89d9-43d8-b399-451551f6e170,0,0,0,1,0,0,1,0,0,0,0,0
1cf41ece-d545-4068-a683-5f4cdded0b9e,0,0,0,0,0,0,0,0,0,2,0,0
228a7d55-e844-48d0-9728-bc69f18bff44,0,1,1,0,0,0,0,0,0,0,0,0
815125be-f0d3-4c84-8951-6cb40699ef56,0,2,0,0,0,0,0,0,0,0,0,0
0bcdecf3-b1d0-490c-9d7e-ec69fa85f128,0,2,0,0,0,0,0,0,0,0,0,0
5884cd04-7104-4dbd-bcfb-a15d5d3d928c,0,1,0,0,0,0,0,1,0,0,0,0
f580e971-387a-4a98-b5f2-9f8c1463e577,0,2,0,0,0,0,0,0,0,0,0,0
c8c8da67-3a4b-4c93-8926-f80e6a49bf1a,0,1,1,0,0,0,0,0,0,0,0,0
533d8770-7597-414a-87d6-d79d8d7e1d1f,0,1,0,0,0,0,0,0,0,1,0,0
99c977c3-6339-469b-b339-9a8cdb338354,1,0,0,0,0,0,0,0,0,1,0,0
a793bc21-f07c-43f5-a297-96306d7637e9,0,2,0,0,0,0,0,0,0,0,0,0
2052936a-6ca2-415f-a7fc-f6c1326de739,0,1,0,0,0,0,0,0,0,1,0,0
af9a3db8-7cb1-4b62-86ed-996f3786e17e,0,0,0,0,0,0,0,0,0,2,0,0
0252359f-4eb2-4be5-9bfd-a63a972eef0b,0,1,0,1,0,0,0,0,0,0,0,0
082827d7-2297-472f-a54a-bee1b5cbbfb7,0,2,0,1,0,0,0,0,0,0,0,0
a21b02d2-d52c-4ec0-b393-da18488c9f16,0,1,0,0,0,0,0,0,0,2,0,0
b16d8e0e-c61d-4f4c-b364-1d09056c0e35,0,0,0,0,0,0,1,0,0,1,0,0
5b72138e-311e-4595-b4f1-a05aca19645e,0,2,0,0,0,0,0,0,0,0,0,0
0bf59407-d87d-416c-a84e-32911d604597,0,1,1,0,0,0,0,0,0,0,0,0
94563490-ac50-49fb-877e-57bb0b3e5d75,0,2,0,0,0,0,0,0,0,0,0,0
b80c2f40-009e-4786-aae4-1ef7dfd6b460,0,1,0,0,0,0,0,1,0,0,0,0
a41b9962-e29a-42ad-bb2b-95454b88f15b,0,0,0,0,1,0,1,0,0,0,0,0
3f70c7f5-2946-4f28-a402-501f4a982d16,1,1,0,0,0,0,0,0,0,0,0,0
d680517c-815f-4ea6-b895-68f0594e2c39,0,2,0,0,0,0,0,0,0,0,0,0
2c9d426e-c12e-4148-b260-07ed1e97c806,0,0,0,0,0,0,1,0,0,0,0,0
5abc1488-ec19-4157-bc4d-c360cade01ce,0,0,0,0,0,0,0,0,0,2,0,0
38d22894-1548-424b-9807-1f952fb9b030,0,0,0,1,0,0,0,0,0,1,0,0
06476000-6a60-4e4d-b0c0-2cec1c1a9f64,0,1,0,0,0,0,0,1,0,0,0,0
46f84333-5f3c-4699-94d3-cb791357333e,0,1,0,0,0,0,0,1,0,0,0,0
be6be9c9-0120-4ada-b13e-4bc489d66bae,0,2,0,0,0,0,0,0,0,0,0,0
7f9170b5-53c8-4909-ada1-3ddaf1155a21,0,0,0,0,0,1,0,1,0,0,0,0
2b8e4674-14a9-48c4-8844-16f2e3a527f5,0,1,0,0,0,0,0,1,0,1,0,0
015df1a4-b726-437e-af18-c0d9ac4667be,0,2,0,0,0,0,0,0,0,0,0,0
c6011050-8379-4199-9096-70dde4dac7b5,0,2,0,0,0,0,0,0,0,0,0,0
c0a0063d-1725-4503-9788-8dde46f42916,0,1,0,0,0,0,0,1,0,0,0,0
ef484273-d360-4719-b2c4-7926ecea4005,0,1,0,0,0,0,0,0,1,0,0,0
bb68674f-4c50-46ff-955f-9198853d92fe,0,2,0,0,0,0,0,0,0,1,0,0
eb3ddf98-b881-4d27-9f65-5142b5f6ff46,0,0,1,0,0,1,0,0,0,0,0,0
22e1eeb0-fe5a-49bd-a659-fc4bf7704413,0,0,1,0,0,1,0,0,0,0,0,0
4d421550-e85c-4e6c-bd50-8e2a7c7537e2,0,1,0,0,0,0,0,0,0,1,0,0
b36a0d89-487f-40dd-ba03-00aa51630105,2,1,0,0,0,0,0,0,0,0,0,0
11358f1d-46eb-4517-893c-46c9624c0a5b,0,1,0,0,0,0,0,0,0,1,0,0
8e9d7fa4-9d05-4b9b-8e66-1c7e10d87716,0,1,0,0,0,0,0,0,0,1,0,0
7ce4638a-86aa-4fe1-8500-3fe62d0651bd,0,1,0,0,0,0,0,0,1,0,0,0
b0cb1576-328c-4df8-bb76-40e05ef4edd2,0,1,0,0,0,0,0,0,0,1,0,0
61f749f4-2ebd-4b97-8138-51d5b9e87b4f,0,2,0,0,0,0,0,0,0,0,0,0
b88c4e2b-6581-4b77-95bd-3b5bcf1bb04b,1,0,0,0,0,0,0,0,0,1,0,0
d8058c1c-5fe7-4ff2-993f-46696af75037,0,2,0,0,0,0,0,0,0,0,0,0
da0e59ea-edbe-4e20-915d-36633477ac38,0,2,0,1,0,0,0,0,0,0,0,0
54a5c030-5e63-47fd-9b1b-648a7ae343dc,0,1,0,0,0,0,0,0,0,1,0,0
8d13184d-7ab8-4901-bf4f-e54b6ba88508,1,0,0,0,0,0,0,0,0,1,0,0
a90c3aa5-6baa-480c-b5db-6b15636061e1,0,0,0,0,0,0,0,2,0,0,0,0
ecd1691a-b1af-442d-9087-acee895a9a1d,0,1,0,0,0,0,0,0,0,1,0,0
602cfcdc-581c-4a08-9208-19aa640f642f,1,0,0,0,0,0,0,0,0,1,0,0
5aa03b20-f834-4d53-9efd-d8a260ea743c,0,1,0,0,0,0,0,0,0,1,0,0
053a9505-b431-406b-90c4-b46a61200345,0,2,0,0,0,0,0,0,0,0,0,0
e5ecd6db-4e5f-46e1-aa86-73f59d89e473,0,1,1,0,0,0,0,0,0,0,0,0
fb7f33ef-1fd0-4d61-aa1e-d269409cd5b5,0,1,0,0,0,0,0,1,0,0,0,0
65945f6f-1d5e-4864-a685-435dd893279c,0,2,0,0,0,0,0,0,0,0,0,0
f01fa9dd-1106-4916-a639-eb5254c196d6,0,0,1,0,0,0,0,0,0,1,0,0
fa8e4035-9143-4d39-8b33-6476c7d519a3,0,1,0,0,0,0,0,0,0,1,0,0
ffcf4aaa-c4b3-4609-a647-77a933a134ce,0,2,0,0,0,0,0,0,0,0,0,0
a0a1a3d4-7c7c-4e70-af3b-1999a9fc3984,0,0,0,0,0,0,0,1,0,0,0,0
a9532c67-6f2e-4615-9fa6-51e6d7b7da75,0,1,0,0,0,0,0,0,0,1,0,0
9c33ccdf-92d3-4b36-b47b-3a13f15f463e,1,0,0,0,0,0,0,0,0,1,0,0
38fe6f8e-2ca5-42a2-b9f1-5886ec65baed,0,1,0,0,0,0,0,0,0,2,0,0
c9d39fc7-3fd8-4b59-b6c2-0c86a7b52c55,0,2,0,0,0,0,0,0,0,0,0,0
472c263f-a474-4570-9c8e-e498668dee91,0,0,0,0,0,0,0,0,0,1,0,0
372a4601-b87c-4d61-a191-990e8ecec5b3,0,0,0,0,0,0,0,0,0,2,0,0
a8df3dde-d5c6-47c2-826a-e6bcd977300a,0,0,0,0,0,0,0,0,0,2,0,0
27b3ed54-695e-411e-bf49-c686df92bda4,0,2,0,1,0,0,0,0,0,0,0,0
efc796cc-4fd5-4afe-98f5-97b67be5e75a,0,1,0,0,0,0,0,0,0,0,0,0
7545e257-ed54-4951-ad62-c5d042b38dee,0,0,2,0,0,0,0,0,0,0,0,0
de331aa9-dcc6-4ba0-879a-244e9df4b528,0,1,0,0,0,0,0,0,0,1,0,0
d6517dc6-c24a-45ee-bdb4-a1fa13f33ffc,0,1,0,1,0,0,0,0,0,0,0,0
6f07d8c5-fd28-48eb-962c-9e8030a95e53,0,2,0,0,0,0,0,0,0,0,0,0
46441d9a-b571-4d1e-b550-8a6552c353e8,0,0,0,0,1,0,0,1,0,0,0,0
bfd5cca7-cebe-41e4-b2d0-f005463b7f1d,0,0,0,1,0,0,0,0,1,0,0,0
69a61308-a70c-4dd1-8cb1-05af8605b871,0,0,1,1,0,0,0,0,0,0,0,0
5e325a6e-e080-4eb7-8916-33447c66dd23,0,0,0,0,0,0,0,0,0,2,0,0
ca9cfb97-73c2-4924-9861-36bf8694a8a7,0,1,0,0,0,0,0,0,0,1,0,0
213cbd18-8d51-4b81-a475-e81bb544746a,0,1,0,0,0,0,0,0,0,1,0,0
79ac3298-40bd-43fd-9fd4-e45c974348ac,0,0,0,0,0,0,0,0,0,2,0,0
baf1b74d-4c26-4491-a951-060cb0079de1,0,0,0,0,0,0,0,0,0,2,0,0
37b6be0c-5f14-41a5-99b3-08026085768e,0,1,0,0,0,0,0,1,0,0,0,0
934bd07e-48d6-4cd9-9dda-516ceff0c371,0,0,0,1,0,0,0,1,0,0,0,0
73eacab0-b4cd-4e2d-aa98-4ab64556fcb5,0,2,0,0,0,0,0,0,0,0,0,0
32207ff9-6ae4-40b8-bc56-822d43c45da1,0,1,0,1,0,0,0,0,0,0,0,0
5c151221-840f-4af5-b0f2-d31894a1f972,0,1,0,0,0,0,1,0,0,0,0,0
fe18ceec-4c3e-4ad3-9281-bec659e85bb4,0,1,0,1,0,0,0,0,0,0,0,0
895974e4-71d1-4a75-bfd4-465ae3d2e26c,0,1,0,0,0,0,0,0,0,1,0,0
36478124-228a-4f73-8f73-f32c260d35f7,0,0,0,1,0,0,0,0,0,1,0,0
dee56c70-67b9-48fe-a151-fbba79b772f9,0,1,0,0,1,0,0,0,0,0,0,0
63924242-2d57-4dec-9eb0-5ce6e4f2a902,0,2,0,0,0,0,0,0,0,0,0,0
a06649d9-7928-4095-8c36-b71ebe8aaa68,0,1,0,1,0,0,0,0,0,0,0,0
a3181891-0089-4188-b8ab-ab21dd5c4f39,0,0,1,0,0,1,0,0,0,0,0,0
e6168c68-3383-4c66-b35a-5e83244ab28b,0,2,0,0,0,0,0,0,0,0,0,0
f04fac7c-14c1-498f-82de-00a17c25f7bd,0,1,0,0,0,0,1,0,0,0,0,0
f49acc0d-b577-4c98-b4b1-50f876fcff67,0,2,0,0,0,0,0,0,0,0,0,0
11795d55-5873-4544-973f-ef4e3eae27da,0,1,0,0,0,0,0,0,0,1,0,0
9fe28dc2-6fa3-4193-8546-8a1ba4b48f65,0,1,0,0,0,0,0,0,0,1,0,0
15fbafad-373f-4613-ab7f-16b01b7309c4,0,0,0,1,0,0,0,0,0,1,0,0
20e0c3aa-25f9-477f-8890-5b4d773627b7,0,0,0,1,0,0,1,0,0,0,0,0
1deadd72-9c52-44c5-b8bf-251d1aefd80b,0,1,0,0,0,0,0,0,0,2,0,0
549f3a57-a12a-4e2a-925f-fb03bad829d0,0,1,1,0,0,0,0,0,0,0,0,0
f6da4017-d022-4e79-9f45-56fca7369c61,0,1,0,0,1,0,0,0,0,0,0,0
bbd0d7ea-7d6b-4db2-bedd-2383aa46c3af,0,0,0,1,0,0,0,0,0,0,0,0
7ccaf3a0-a7dd-47ca-922d-0dd8d6b6e206,0,1,0,0,0,0,0,0,0,1,0,0
f16101f1-71db-4134-928f-e6f68d85116c,0,2,0,0,0,0,0,0,0,0,0,0
a9bc1aae-3df9-40ef-a463-5f37a7ca542b,1,0,0,0,0,0,0,0,0,1,0,0
0349a99b-fe2b-4cf8-a694-3678ce0e8f7a,1,1,0,0,0,0,0,0,0,0,0,0
0fa56415-6bfa-4a90-82ee-1cc33b1cc626,0,2,0,0,0,0,0,0,0,0,0,0
41e19076-5fea-4ddf-b29b-0d24af09f675,0,1,0,0,0,0,0,1,0,0,0,0
c04011c0-2d30-4ee8-91a4-f0d6a771e5a5,0,1,0,1,0,0,0,0,0,0,0,0
4f5524b6-1264-4bdb-946d-17d93cc519ae,0,0,0,0,0,0,0,0,0,1,0,0
d2c0743d-fc21-4cbb-a6b0-3883878298a8,0,0,0,0,0,0,0,0,0,2,0,0
e7eb3e96-41f0-4707-9779-252673d50494,0,1,0,0,0,1,0,0,0,0,0,0
f634c8b3-a237-4b66-8e9a-a676ccba202a,0,1,0,0,0,0,0,0,0,1,0,0
e4dde992-e27f-4322-9b8c-7a0663d9176d,0,1,0,1,0,0,0,0,0,1,0,0
fc8c4b49-6aca-4f9f-8f95-48e8ff720008,1,0,0,0,0,0,0,0,0,1,0,0
6b3543b3-dd00-4146-a68e-9a5d057c83c8,0,1,0,0,1,0,0,0,0,0,0,0
edd78a4d-e7f8-4bef-bf9e-b1ca1daedd2f,1,0,0,0,0,0,0,0,0,1,0,0
cd70f719-8da7-47c3-aa93-176ea2cce07f,0,0,0,0,0,0,0,0,0,2,0,0
99f22e61-60d3-4856-a390-bb78c462183f,0,1,0,0,0,0,0,0,0,0,0,0
0cc6d2b6-7ef7-4ca7-820a-eb8a4820c158,0,2,0,0,0,1,0,0,0,0,0,0
7912f28c-a0ad-4cf8-a9d2-4070da1a3e99,0,1,0,0,0,0,0,0,0,1,0,0
df969c3c-61bc-4d62-84a1-43751ae3df33,0,1,0,1,0,0,0,0,0,0,0,0
fafa1336-f143-4e0e-9356-a9da5c65e441,1,1,0,0,0,0,0,0,0,0,0,0
7b965fb3-68a1-4099-bc66-20920bf1a385,0,1,0,0,0,0,0,0,0,1,0,0
18d643f7-46aa-4080-8a1a-b6f005bc4e40,0,1,0,1,0,0,0,0,0,0,0,0
75c0d165-fe78-4f9d-abe2-65b29991cdc7,0,1,0,0,0,0,0,0,0,1,0,0
a045ec25-e940-49e2-8849-3e2390708b05,0,1,0,0,0,0,0,0,0,1,0,0
53fab822-ae83-4a84-80b2-91fe72ff83c2,0,2,0,0,0,0,0,0,0,0,0,0
81ac0dd2-5c02-46ba-a3b3-d878bbe31f6e,0,2,0,0,0,0,0,0,0,0,0,0
16e188d0-4bbf-4bbd-ab6f-fe9b04f6d7ed,0,0,0,1,0,0,0,0,0,1,0,0
867d6dca-0438-44d1-8410-d9d40ff36716,0,1,0,0,0,0,0,0,0,0,0,0
4cafec06-fed1-43f0-925d-07abc6de8f13,0,2,0,0,0,0,0,0,0,0,0,0
2f9bf6ce-5179-4c61-b661-431e96312856,1,0,0,0,0,0,0,0,0,1,0,0
2d93da7f-c892-4eaa-8b9a-f50ba575bf16,0,0,1,0,0,0,0,0,0,1,0,0
dd12cd26-0538-4da5-9c05-9054e91d600d,1,1,0,0,0,0,0,0,0,0,0,0
c67a80c6-1158-439b-a9fa-16825c0ed708,0,1,0,0,0,0,0,0,0,1,0,0
83983042-0846-4587-935b-8d9ce933cf8c,0,2,0,0,0,0,0,0,0,0,0,0
c2bf9f34-7d0d-48ad-914a-6d339bd36e5c,0,1,0,0,0,0,0,0,0,1,0,0
21205b40-f523-4030-8ac4-bc4f89c4762a,0,0,0,0,0,0,0,0,0,1,0,0
be2518bc-1a64-4284-bcdf-c268095b3c33,0,2,0,0,0,0,0,0,0,0,0,0
0f6902ff-6965-4027-a901-38677639bec5,0,1,0,0,0,0,0,1,0,0,0,0
5f384a4e-7db2-4f01-9eb8-1f7aa62a35f8,0,1,0,1,0,0,0,0,0,0,0,0
32cc8ebe-a48e-44e4-a40d-39156099c4cb,0,2,0,0,0,0,0,0,0,0,0,0
24dcb26d-c0b2-487f-ad35-54dbf10ababa,0,1,0,0,0,0,0,0,0,0,0,0
5be237eb-6667-4898-8f45-5c6206caabc7,1,0,0,0,0,0,0,0,0,1,0,0
4b7a817e-1b81-47c1-b4c6-c5922c685ffd,0,1,0,0,0,0,0,0,0,1,0,0
4dcd51de-6263-4a9d-b5b7-56d32de28502,0,0,0,0,0,0,0,0,0,1,0,0
83d6418a-cb34-4091-b6ef-93022fdb4865,0,0,0,1,0,0,0,0,0,1,0,0
28ac91a7-5ec6-495c-bd09-5516c3af2c2f,0,1,1,0,0,0,0,0,0,0,0,0
ff520f27-1751-45fe-a1a8-7dc5eb4077c0,0,1,0,1,0,0,0,0,0,0,0,0
093dbe32-dfb2-47b1-ad00-7b967e8e1405,0,1,0,0,0,0,0,0,0,1,0,0
6a4b74ae-8a05-4ba0-bdaf-e4f13ab26b1d,0,1,0,0,0,0,0,0,0,1,0,0
1fdaea08-6925-442d-b087-4361a63061ca,0,1,0,0,0,0,0,1,0,0,0,0
e48c822b-bed4-4e66-82ca-dd0d1820057b,1,0,0,0,0,0,0,0,0,1,0,0
f2702398-44b4-4a50-a770-b46a9c06ecf8,0,0,0,0,0,0,0,0,0,2,0,0
ffc54ccd-92c0-4788-8358-679ccf7987a8,0,0,0,0,0,0,0,1,0,0,0,0
ca3465c2-f205-43fb-b7a1-328c9ac67cc7,0,0,0,1,0,0,0,0,0,1,0,0
df9da8d7-c1b0-449c-aca3-531ff5bd854c,0,0,0,0,0,0,0,0,0,2,0,0
9aa3347a-d381-445b-bb56-b502e6cd8909,0,0,0,1,0,0,0,0,0,1,0,0
05200121-17b1-4b80-a5fc-7a58e4e1050a,0,1,0,0,0,0,0,0,0,1,0,0
d60b02e9-1a1c-4824-a079-15e9c5095fc1,0,0,0,0,0,0,0,0,0,2,0,0
aff7dcc0-f63a-46d1-9de6-280d6ab1987d,0,1,1,0,0,0,0,0,0,0,0,0
c6407ddd-36e4-468f-88da-b44e3ce338e3,0,1,0,0,0,0,0,0,0,1,0,0
4c853648-f4a0-44ea-a44a-20ba2a68dc62,0,1,0,0,0,0,0,1,0,0,0,0
baa919f7-8732-41dc-887a-bc6e0bc1a17e,0,1,0,0,0,1,0,0,0,0,0,0
e5bf1ef4-e11e-4c97-bffc-5a823a47c130,0,1,0,0,0,0,0,0,0,1,0,0
80cf15a2-e26f-4901-8789-8ee56a027a32,0,2,0,0,0,0,0,0,0,0,0,0
1997018e-2911-465b-8bdf-dfeedf9140c3,0,0,0,2,0,0,0,0,0,0,0,0
2d92ad39-1e28-4686-9057-71140a01b732,0,1,0,1,0,0,0,0,0,0,0,0
7b3a24a6-4e8b-4fd1-a3e6-15d852999d2d,0,1,0,0,0,0,0,1,0,0,0,0
4dcf8e54-3853-49fe-9246-e5bf496005c6,0,0,0,2,0,0,0,0,0,0,0,0
4a18c054-92e9-4892-b274-eadb9c139796,0,0,0,1,0,0,0,0,0,1,0,0
26c525d5-9e1a-434f-8db4-6e3906b99f48,0,1,1,0,0,0,0,0,0,0,0,0
049fd835-4f95-4420-8166-920bbb6d74c2,0,1,0,0,0,1,0,0,0,0,0,0
5e391a1f-cc1b-4ae4-bda1-7b847d8dbadd,0,1,0,1,0,0,0,0,0,0,0,0
795b5bfb-a31e-44c9-8e92-0f52834f2e99,0,1,0,0,0,0,0,0,0,1,0,0
822a44cb-eead-4fdb-9794-91dc00137892,0,2,0,0,0,0,0,0,0,0,0,0
f09d9da4-5b0d-42ca-a726-5c0f455af8a4,0,1,1,0,0,0,0,0,0,1,0,0
d3a4919d-a661-4d23-a198-be8ef6bbfa55,0,1,0,0,0,0,0,0,0,0,0,1
df85625a-7cbd-46c3-926f-073f3f338931,1,1,0,0,0,0,0,0,0,0,0,0
1459fb17-c033-4871-a3d6-457fbf3a87a4,0,1,0,0,0,0,0,0,0,1,0,0
3c3e2872-2b83-4c27-825f-843f09b7fab7,0,1,0,0,0,0,0,0,0,1,0,0
3bf0f29b-dae5-44f3-91af-d14dfbeb1415,0,0,1,0,0,0,0,0,0,1,0,0
2af22e90-b96f-402d-b812-f8d1d7a39353,0,1,0,1,0,0,0,0,0,0,0,0
69910331-2ed8-400a-bcdd-2e87f80d51ec,0,0,1,0,0,0,0,0,0,1,0,0
8dbe4c91-2811-443a-aa83-dcf4d17d6deb,0,1,1,0,0,0,0,0,0,0,0,0
c5b8278c-b312-4ebc-8d95-8057e6154a41,0,0,0,1,0,1,0,0,0,0,0,0
456a0886-a314-4130-8f1b-f9c8772a5a10,0,2,0,0,0,0,0,0,0,0,0,0
2a741340-2789-436b-8b03-6b9f99e4c217,0,1,0,0,0,0,0,0,0,1,0,0
9ccc54a8-4046-487b-86b7-4b50a9dc9ab4,0,0,1,0,0,0,0,0,0,1,0,0
87b2353c-2a90-4435-8c5e-29db3a78271d,0,1,0,0,0,0,0,0,0,1,0,0
d1262a23-3271-4077-ad1a-3d8a6211a29b,0,1,0,0,0,0,0,0,1,0,0,0
121c113b-b5d3-4613-b4ed-b0c22606d98e,1,0,0,0,0,0,0,0,0,1,0,0
4b3a16e6-b765-444b-a1c2-8fbe69e93ca1,0,2,0,0,0,0,0,0,0,0,0,0
a234455c-5644-40a8-a659-00fe51e42894,0,1,0,0,0,0,0,0,0,1,0,0
9ca8ae46-f20a-4765-a606-31536a164afb,0,0,0,0,0,1,0,0,0,0,0,1
d6a3798f-cc45-4fdf-a652-9b1beb14a05b,0,2,0,0,0,0,0,0,0,0,0,0
c412338c-8579-499c-b123-65c443320fe0,0,0,0,0,0,0,1,0,0,1,0,0
b27b6ba2-7a23-4224-86fc-cfd0513fbbd5,0,2,0,0,0,0,0,0,0,0,0,0
731266b8-3716-4e24-bd11-fae809664956,0,0,0,0,0,0,0,0,0,1,0,0
02e0089b-9667-4580-8424-0dc1e527de99,0,0,0,0,0,0,0,0,0,2,0,0
77236350-a847-45ed-91d4-b7edd537944f,1,0,0,0,0,0,0,0,0,1,0,0
01d2ae1b-9f46-4219-a0c4-372a7e8c9f81,0,1,0,0,0,0,0,0,0,1,0,0
946ab143-e8b0-4f1b-8f6c-98768c6a2e0c,0,0,0,0,0,0,1,0,0,1,0,0
3a6c209f-21cd-4784-8038-a504e1bcb184,0,2,0,0,0,0,0,0,0,0,0,0
55bee340-dbb3-4b3c-b3de-a563fff25c78,0,1,0,0,0,0,0,0,0,1,0,0
df4d7abd-bfa2-4fc7-b6ee-5949556c0101,0,1,0,0,0,0,0,0,0,1,0,0
3e6f9306-d910-41a1-bd49-998398de9fc2,0,1,0,0,0,0,0,0,0,0,0,0
66442ac6-598b-4fab-af8c-bafb2a5d1d7a,0,1,0,0,0,0,0,0,1,0,0,0
2e0912a0-0f66-4fc5-8eeb-b604d950fbe2,1,0,0,0,0,0,0,0,0,1,0,0
c1c35640-a3e9-4963-bef4-ce838aca9864,0,1,0,1,0,0,0,0,0,0,0,0
c6732847-e814-4747-83fd-fcd84855284c,0,2,0,0,0,0,0,0,0,0,0,0
276c3889-a567-4e51-96be-5c42e1f4d058,0,1,0,0,0,0,0,0,0,1,0,0
22a5560f-59a2-4640-9ba0-94ebdca86a51,0,1,0,0,0,0,0,0,0,1,0,0
4c8c733d-3dc5-4a43-97f1-a908d355de8d,0,0,0,1,0,0,0,0,0,1,0,0
d4bc034c-09bf-47b9-aeac-4b285eb6edb3,0,0,1,0,0,0,0,0,0,0,0,0
f4604f09-fe6a-40f5-89a6-38d027e35e9c,0,2,0,0,0,0,0,0,0,0,0,0
f95463d1-ecff-4c93-9123-38fce2873734,0,1,1,0,0,0,0,0,0,0,0,0
fe020991-9c57-4e81-b644-605b900db613,0,2,0,0,0,0,0,0,0,0,0,0
4f5cce78-98aa-424b-a214-4347eb3a0c94,0,1,0,0,0,0,0,0,0,1,0,0
edcadd81-4b35-4aa9-a6d8-d7863acdbb28,0,1,0,0,0,0,0,0,0,1,0,0
3997f395-e680-471d-925c-d2dbcdb7e4cf,0,1,0,0,0,0,0,0,0,0,0,0
7f44d7c6-15b3-45b4-931e-17f0cd509fa3,0,2,0,0,0,0,0,0,0,0,0,0
ae7a778c-fd97-42dd-9128-b3e2020e9548,0,0,0,0,0,0,0,0,0,1,1,0
ac904522-ad7e-4901-b65d-eb3ec8d53db6,0,1,0,0,0,0,0,0,0,1,0,0
a60a55cb-e0b7-43f9-8f1e-b4bdb1abd975,0,0,0,0,0,0,0,0,0,0,0,2
221be7b2-332f-4fa4-85fb-f2bd4ded3762,0,1,0,0,0,0,0,0,0,1,0,0
9f27c417-be8d-433e-82d2-0fcf83272ec3,0,0,0,0,0,1,0,0,0,1,0,0
3e9cfaec-5fd5-4af1-995f-50747c51cf50,0,1,0,0,0,0,0,0,0,1,0,0
ff4b32be-1248-4164-aabb-20b20a927369,0,0,0,0,0,0,0,0,0,2,0,0
2b168c62-8299-40bf-9a93-b9fec12db7ca,0,1,0,0,0,0,0,0,0,0,0,0
c35392dd-90a8-4120-925c-20e5c1322e35,0,1,0,0,0,0,0,0,0,1,0,0
e3da498f-44bc-4e75-9295-3f227ed43d56,0,2,0,0,0,0,0,0,0,0,0,0
a48f7ef3-6335-46ba-a9ed-dc05fd469502,0,0,0,0,1,0,0,0,0,1,0,0
166c0b88-ce2c-420f-918b-39e082ef2e61,0,2,0,0,0,0,0,0,0,1,0,0
c1caec81-5a94-4785-b12b-aefa52a80d18,0,1,0,1,0,0,0,0,0,0,0,0
d8bdcb6a-b033-48e4-8189-147c06a7f341,1,0,0,0,0,0,0,0,0,1,0,0
c205cf96-be69-4c68-9e35-4d1f13e8b93e,0,1,0,1,0,0,0,0,0,0,0,0
205049da-6869-4dd4-8c05-229fea69398c,0,3,0,0,0,0,0,0,0,0,0,0
8280de9b-cc7a-4403-b6a2-86057e4d5f25,1,0,0,0,0,0,0,0,0,1,0,0
98930cb9-e52b-4d1d-8da1-f4fcfe039054,1,1,0,0,0,0,0,0,0,0,0,0
29a0d2da-7173-44aa-a850-39c44b73661c,0,0,0,0,1,0,0,0,0,2,0,0
3be1a69c-74e3-4c4a-9da1-1aa69df75d12,0,2,0,0,0,0,0,0,0,0,0,0
62856a62-ab13-485f-ba05-354d10ba63fd,0,1,0,0,0,0,0,0,0,1,0,0
3fceb045-5ff9-40a1-976e-cccff645b9fd,0,2,0,0,0,0,0,0,0,0,0,0
11ed295a-a916-46e7-8f53-5d6862a9eae0,0,1,0,0,0,0,0,0,0,1,0,0
9281e8a9-f443-47eb-ae15-8a5c7830217f,0,1,0,1,0,0,0,0,0,0,0,0
d9d2c2e7-e4d4-427b-9365-825dbb160faa,0,1,0,0,0,0,0,0,0,1,0,0
890660e5-98f7-40e1-baef-a2b3e3f55a88,1,0,0,0,0,0,0,0,0,1,0,0
05bbc1af-0ddf-41cc-bda3-3a6aefeed7b6,0,0,0,1,0,0,0,0,0,1,0,0
1125f6ec-6a5d-413d-a4d4-4d8aa3045d13,0,2,0,0,0,0,0,0,0,0,0,0
aa05cb69-759d-44d3-8c1d-004be48528b6,0,1,0,0,0,0,0,0,0,1,0,0
3a5816c9-a338-46df-b2af-1b8034ec12db,0,1,0,1,0,0,0,0,0,0,0,0
6b53bcf0-7395-46c7-aaef-d5e19badd4f4,1,0,0,0,0,0,0,0,0,1,0,0
97e8316e-c7e9-405e-876b-c9983565f41a,1,0,0,0,0,0,0,0,0,1,0,0
7083c9b3-c1fc-407e-9878-b46b3fa6225b,1,0,0,0,0,0,0,0,0,1,0,0
e0d78932-bbab-4131-b312-41e2b37c9b51,0,0,0,0,0,0,0,0,0,2,0,0
281c8dac-aef0-4a65-8a22-998338556de5,0,0,0,0,0,0,0,0,0,2,0,0
12f2a764-3a7e-4237-a4ce-7f63bfa1e535,0,2,0,0,0,0,0,0,0,0,0,0
d7baa488-cbbe-4a9f-bdb6-4c917f44c987,0,0,0,1,0,0,0,0,0,0,0,0
a6c38181-c83f-47be-ad99-ee96aa1fe4db,0,1,0,0,0,0,0,0,0,1,0,0
61f99928-6182-4802-8760-834234a48c16,0,0,1,0,0,0,0,1,0,0,0,0
88884f64-883d-4b88-850e-a4896d8d238d,0,2,0,0,0,0,0,0,0,0,0,0
3da99930-8674-4977-88d4-142cbcf80b79,0,2,0,0,0,0,0,0,0,0,0,0
27966d77-e2f8-4e43-9293-19deeba8ca1a,0,1,0,0,0,0,0,0,0,0,0,0
a10c94a5-7b3e-4b55-a0a1-4ec5679f6c10,0,1,0,0,0,0,0,0,0,1,0,0
4c699f1d-a5ff-4bf3-a0b5-927ebb16cd70,0,0,0,0,1,0,0,0,0,1,0,0
14c55041-e00b-4631-8272-16c62b050e4b,0,2,0,0,0,0,0,0,0,0,0,0
ad802e52-ecde-4f47-8a85-ad5285f3d467,0,1,0,1,0,0,0,0,0,0,0,0
331a5094-71d4-4a12-a26a-3b52adce6875,0,0,0,0,0,0,0,0,0,2,0,0
6c033de6-893a-4581-976c-4d352750c5bf,0,0,0,0,0,0,0,1,0,0,0,1
fe32c810-330f-4d95-b248-f20b7c1f6fbc,0,1,0,1,0,0,0,0,0,0,0,0
bfd416d8-0888-4d15-b4b0-6eda2629a27a,0,1,0,1,0,0,0,0,0,0,0,0
5083e784-c140-451f-a67a-15587b9e36a6,1,0,0,0,0,0,0,0,0,0,0,1
9f7b5ce3-44bb-4aa9-9306-57eb3ad82991,0,2,0,1,0,0,0,0,0,0,0,0
a88cdf5b-82c2-42e4-9eaa-7f17ace75345,0,0,0,1,1,0,0,0,0,0,0,0
4e5d5165-8dbd-4d57-8389-fe3d505b403a,0,1,0,0,0,0,0,0,0,1,0,0
182aa63a-340d-4e34-adb0-765d3f60d911,0,1,1,0,0,0,0,0,0,0,0,0
97848d4a-62c5-429d-8d0d-11ab54c1c90f,0,1,0,1,0,0,0,0,0,0,0,0
36dc992f-a91f-4056-a142-2f0937480a34,1,0,0,0,0,0,0,0,0,1,0,0
60c06ddb-d24a-4373-8ce7-e651dc2705ae,0,1,0,0,0,0,0,1,0,0,0,0
4a6a7b20-8dbd-4d72-a989-036c9ac1bcf5,0,2,0,0,0,0,0,0,0,0,0,0
3153fc21-06df-4dc0-95b6-0624f0eadc6c,0,1,0,0,0,0,0,0,0,1,0,0
defd2f0b-c257-4a6a-8304-5ffe5ab1d257,0,2,0,1,0,0,0,0,0,0,0,0
86f9dc66-aafe-4745-a275-d562bd34286d,0,2,0,0,0,0,0,0,0,0,0,0
7c338729-c06f-4554-b256-db8847eb44d6,0,1,0,0,0,0,0,0,0,1,0,0
bff486d1-63e9-42fc-90dd-d4a311ba7b06,0,1,0,0,0,1,0,0,0,0,0,0
bd4b05b5-9a9e-4894-ae33-e08ed91e5a87,0,0,0,0,0,1,0,0,0,1,0,0
f2b482a7-e813-408f-ad6a-fbdadb89d6a6,0,1,0,0,0,0,0,1,0,0,0,0
7313991f-a98e-48a1-bb70-cd6a99258a4e,1,0,0,0,0,0,0,0,0,1,0,0
95071c3c-dac1-48ea-9295-0f23a0b59f5b,0,0,0,0,0,1,0,1,0,0,0,0
40a2bb21-4a87-410e-a212-4e5db2deaee5,0,0,0,0,0,0,0,0,0,2,0,0
864a2672-518e-4a86-80ea-560cfe9bf502,0,1,0,0,0,0,0,0,0,1,0,0
325c9963-c24f-4651-95ea-24c47536d9de,0,0,0,2,0,0,0,0,0,0,0,0
d64ee0fa-86a4-426a-96b7-08ca864cc67b,0,1,0,0,0,0,0,0,0,1,0,0
14c24beb-9b19-488c-bb7a-0488d25dbebd,0,1,0,0,0,0,0,1,0,0,0,0
897886d6-87a9-4b9c-813d-38e0f6c2eda4,0,1,0,0,0,0,0,0,0,0,0,0
ffe28097-7032-4605-9f0f-ded7d3721d7f,0,2,0,0,0,0,0,0,0,0,0,0
79b63cec-db9b-4c36-887b-72ce4d0ff2ae,0,2,0,0,0,0,0,0,0,0,0,0
af1409c4-71fe-45a9-b97e-696a4dff3c81,0,1,0,0,0,0,0,0,0,1,0,0
29b1cfae-deb1-41c1-a8ba-93e920397368,0,0,0,1,0,0,0,1,0,0,0,0
8b525e25-647f-44cc-be46-6b2f7f96230b,0,1,0,0,0,0,0,0,0,1,0,0
788e3443-6642-438d-ae9e-e16309a06c7a,0,3,0,0,0,0,0,1,0,0,0,0
0a885e1d-e1a0-4cbc-aa2e-1e7213f5f403,0,0,0,0,0,0,0,1,0,0,0,0
7e51e2b5-57bc-424c-9ec4-d0937d5d4f8a,0,1,0,0,0,0,0,1,0,0,0,0
0c43b242-d0f6-4729-8165-d741f6d99cc9,0,0,0,0,0,0,0,0,0,1,1,0
ebb2ec49-3848-420f-a3f5-b9c003de5d06,0,1,0,0,0,0,0,0,0,1,0,0
8b9e4c1b-8e6b-47ed-80bb-6168450d1ea0,0,1,0,0,0,0,0,0,0,1,0,0
6a88d4c8-9ee3-4e0e-8b30-730b0070f1be,0,2,0,0,0,0,0,0,0,0,0,0
d5828673-f395-4c15-bd2e-14a584670aa4,0,0,0,1,0,0,0,0,0,1,0,0
ffd20e77-0670-4d98-b0d9-903161c3da91,0,1,0,0,0,0,0,0,0,1,0,0
43288c10-6ca6-4432-8059-0286ec932924,0,2,0,0,0,0,0,0,0,0,0,0
173a393e-d257-45cf-b998-fc38b1786fd1,0,1,0,0,0,0,0,0,0,1,0,0
75d7cc81-8481-465c-862f-0a8db129e1a2,0,2,0,0,0,0,0,0,0,0,0,0
e753285e-d012-428f-b4f9-6501a08c2761,1,0,0,0,0,0,0,0,0,1,0,0
d23821ad-a6b5-4218-b9f5-d9c2be877100,0,1,0,0,0,1,0,0,0,0,0,0
d5d977d2-4267-4240-b9c8-61c5a588d2a8,0,1,0,0,0,0,0,1,0,0,0,0
e0a6ba9d-3152-4728-b8b9-9640d3cab5fd,0,2,0,0,0,0,0,0,0,0,0,0
2bfa2c47-598a-465c-a142-e7179b272a14,0,0,0,0,0,0,0,0,0,2,0,0
db481029-3d85-4e36-ba4e-c1569075919f,0,0,0,0,0,0,0,0,0,1,0,0
4ca8cbc4-b79a-4c5d-a4e4-f9551e8b3447,0,0,0,0,0,0,0,0,0,1,0,1
9d04404f-aa2f-4287-8a33-61a93c9d50a1,0,0,0,0,0,0,0,0,0,1,0,0
7cb807a0-7ddf-407f-a349-b31d471957fa,0,1,0,0,0,0,0,0,0,1,0,0
a11111d0-b9ba-485c-a4d5-66f878f9b8e3,0,0,0,0,0,0,0,0,0,1,0,0
fdd9a0f1-42f0-4662-a774-e954b7920b95,0,0,0,0,0,1,1,0,0,0,0,0
3fa24119-945c-43ee-a6d8-cb0a05a80eb2,0,0,0,0,1,0,0,0,0,1,0,0
dd874ef8-0178-443a-8fe2-af95aaaa3707,0,3,0,0,0,0,0,0,0,0,0,0
ddcee393-9341-45ea-a0bb-b45bc4ede4ab,0,1,0,1,0,0,0,0,0,0,0,0
d164e228-ea51-4fa8-a97a-e0017483a013,0,1,0,0,0,0,1,0,0,0,0,0
1b165596-b792-4c28-ae97-7c4ad96d1e65,0,2,0,0,0,0,0,0,0,0,0,0
2ce1f952-fc07-407b-872c-01cead66fdea,0,2,0,0,0,0,0,0,0,0,0,0
6ec143bc-1bd0-4238-94f3-cc5477f883b6,0,2,0,0,0,0,0,0,0,0,0,0
6a0ac55e-e6c1-4ff7-80b9-d932da4b19da,1,0,0,0,0,0,0,0,0,1,0,0
fd3b1d21-4010-4398-9dab-c4cce201b72d,0,1,0,0,0,0,0,0,0,1,0,0
376785b2-5b5d-488d-8ac9-e701af43d53c,0,2,0,0,0,0,0,0,0,0,0,0
9ed321f5-df05-40fd-8287-a38c700babbf,0,2,0,0,0,0,0,0,0,0,0,0
827bd83e-01e3-493a-86ea-d88bc3bcdcf7,0,0,0,1,0,0,0,0,0,1,0,0
999dfe7e-8161-44f8-94a1-d9458ed1adf8,0,2,0,0,0,0,0,0,0,0,0,0
c9879290-6cef-4c8b-af2b-d6a851f1efd7,0,0,0,0,0,1,0,0,0,0,0,0
203cf694-4789-4aac-9dcc-a494461ce3d0,0,1,0,0,0,0,0,0,0,1,0,0
20fcaa28-2679-4241-813b-1f22b45b08c0,0,2,0,0,0,0,0,0,0,0,0,0
6abc8f55-b5dd-438e-b601-a7d4c7afed41,1,1,0,0,0,0,0,0,0,0,0,0
1999992a-e798-434d-8c03-ed938c495b68,0,1,0,0,0,0,0,1,0,0,0,0
a1db2b2d-f4a9-4953-9959-003dae93f43f,0,2,0,0,0,0,0,0,0,0,0,0
853a6654-46ab-41e3-8b8f-2af5adbad0c6,0,2,0,0,0,0,0,0,0,0,0,0
336cb59d-49e1-4062-bf84-75cf2dfd9f2b,1,1,0,0,0,0,0,0,0,0,0,0
0a19961d-a0e3-43fb-b176-2fd00e2b7c61,0,1,0,0,0,0,0,0,0,1,0,0
4c9dd68e-8377-4533-bd01-e9bf6e8e553f,0,0,0,0,0,1,0,0,0,0,0,0
c2ec0cdf-2e86-4a66-8595-0bbe20667649,0,1,0,0,0,0,0,0,0,1,0,0
1cd3ff28-9a88-475c-a358-e358195b7bd1,0,2,0,0,0,0,0,0,0,0,0,0
2dd5f7a0-2ff2-4ab7-9c1b-dd655551173f,0,0,0,1,0,0,0,0,0,1,0,0
4321c233-c863-4266-9736-eac2dea39fbe,0,1,1,0,0,0,0,0,0,0,0,0
ffd2d2a1-8b4e-4cd8-942d-c2cd50ff5c4e,0,1,0,0,0,0,0,0,0,1,0,0
d88124c2-63bc-4fcc-8768-73022b325e59,0,1,0,0,0,0,0,0,0,0,0,1
959062be-cb8c-434f-8551-4e257ce5e378,0,0,0,0,0,1,0,0,0,1,0,0
e628cc70-b92a-4c2b-bc16-e2c131270d1b,0,0,0,0,0,0,0,1,0,1,0,0
97aabdf6-2ff0-4235-b410-6e98b7c86f38,1,0,0,1,0,0,0,0,0,1,0,0
1510dcd9-bca7-426d-986e-c22638d98067,0,0,0,0,0,0,0,0,0,1,0,0
7b8ec436-0261-42c6-b88c-c0ae636cc211,1,0,0,0,0,0,0,0,0,1,0,0
e8f0e998-b56f-44b9-bfd6-b344d012cd13,0,0,0,0,1,0,0,0,0,1,0,0
876eea37-5530-420f-a7c7-e1fbcce65b9a,0,0,0,0,0,0,0,0,0,2,0,0
576b45f7-2a0b-48d6-822f-df1ee6c25110,0,0,0,0,0,1,0,0,0,1,0,0
2972de5e-8fb6-4b1c-9c2e-cadc199e478b,0,0,0,0,0,0,0,0,0,1,0,0
c83803a2-9cc3-4ab6-b6b8-1ecf494096b1,0,1,0,0,0,0,0,0,1,0,0,0
5affe50a-c53a-4657-8541-983c459100cd,0,1,0,1,0,0,0,0,0,0,0,0
76da037b-a896-4d47-b5d1-4c293475b535,1,0,0,1,0,0,0,0,0,0,0,0
d31f45f4-0518-4cf1-866d-81e6d5cf2f6e,0,0,0,0,0,0,1,0,0,0,0,0
294d7487-f2b7-463a-88c5-e2df45341c76,0,1,0,0,0,0,0,0,0,1,0,0
e17b697d-da7e-4e87-9fef-eabd8feac4ab,0,1,0,0,0,0,1,0,0,0,0,0
ec046b60-a3f7-4386-9245-f588ddde5bef,0,0,0,0,0,0,0,0,0,2,0,0
38cb51f1-0071-431b-bd40-e80b8a7ccc97,0,0,0,1,0,0,0,1,0,0,0,0
27753d77-fbcc-406e-a4fa-c470d232d1c6,0,2,0,0,0,0,0,0,0,0,0,0
c04199c5-2324-4ec3-bea2-bd373da36898,0,1,0,0,0,0,0,0,0,1,0,0
c344edc1-95f0-4429-8643-191eb580fcee,0,0,0,0,0,0,0,0,0,1,0,0
ab39b8e8-9d5a-4ff1-b113-d50071a6b947,0,2,0,0,0,0,0,0,0,0,0,0
412fbe26-e3c0-45ac-881a-408705aade16,0,2,0,0,0,0,0,0,0,0,0,0
b6efd8f0-ab77-49ab-8b90-0f8af5633b05,0,0,1,0,0,0,0,0,0,1,0,0
bff3ba24-cd3c-4343-ac66-9b2f492feb5d,0,1,0,0,0,0,0,0,0,1,0,0
b0eb7b92-c72c-4377-865a-d7a1cc0894da,0,1,0,1,0,0,0,0,0,0,0,0
b40867a4-ad8a-4dcc-9013-27deedc511ee,0,0,0,1,0,0,0,0,0,1,0,0
4af7e2cd-7ea0-4c03-b8b9-b9b2e1ffc55f,0,1,0,1,0,0,0,0,0,0,0,0
a1cf1a68-361a-4c00-902d-d01f6f78f395,0,1,0,0,1,0,0,0,0,0,0,0
015cc9d7-4ad5-4556-a457-04681423b570,0,1,0,0,0,0,0,0,0,1,0,0
96ec7c17-213b-4ace-a5de-86d7b8a1ea44,0,0,0,0,0,0,0,1,1,0,0,0
81b6647b-1385-49fb-8d4f-442bd7ff717f,0,1,0,0,0,0,0,0,0,1,0,0
dcfe6411-6ac5-485d-aa98-b5b6a1c6a62a,0,1,0,0,0,0,0,0,0,1,0,0
a90cd1e4-723a-40c8-8c0e-7035076cb981,0,0,0,0,0,0,0,0,0,1,1,0
6036b2fd-f20d-49f3-b838-5aac3519f2d7,0,0,0,0,0,0,0,0,0,2,0,0
9f75b114-d911-4c35-b72a-6cde0787a100,0,0,0,0,0,0,0,0,0,2,0,0
cdf3eacc-ede4-4c45-8e07-b7986fa3c4f1,0,1,0,0,0,0,0,0,0,1,0,0
98bb14be-15d9-4ea5-a65f-dffc91c174d7,0,0,0,1,0,0,0,0,0,1,0,0
c9a5c0fb-7557-47f4-b50f-ad907497c007,0,2,0,0,0,0,0,0,0,0,0,0
6955ef8b-6e2d-44f3-88f3-8a94f482a60e,0,1,0,0,0,0,0,0,0,1,0,0
78d98e8e-a7b5-481a-8544-df2284f442eb,0,1,0,0,0,1,0,0,0,0,0,0
d80f8875-31e7-4000-8ab9-c21ecb2e417f,0,2,0,0,0,0,0,0,0,0,0,0
480cc387-2cc4-49d9-a906-0efa3fc4da0f,0,1,0,0,0,0,0,0,0,1,0,0
9e40b8fe-0756-4d40-b0ab-f6e0c401bcf3,0,1,0,0,0,0,0,1,0,0,0,0
1812eaa9-7d91-420b-99d0-ef370a8ddf43,0,2,0,0,0,0,0,0,0,0,0,0
9ec0bafe-50e2-451a-89df-ce2a8fb3fadf,0,1,0,0,0,0,0,0,0,1,0,0
b3a4f569-b1c3-4abb-81e6-9242e9514bf0,0,1,0,0,0,0,0,0,0,1,0,0
113685d7-9b45-42f4-bd53-b8f33ba767d2,0,1,0,0,0,0,0,0,0,1,0,0
250076f4-dae0-439a-a332-9d8285662c10,0,0,0,1,0,0,1,0,0,0,0,0
7c773935-fb7b-472b-b73e-365506c36213,0,2,0,0,0,0,0,0,0,0,0,0
7554cd0e-9ab3-4c8e-81ed-e9d9bba3039a,0,2,0,0,0,0,0,0,0,0,0,0
b077a3c2-7587-4243-a5ca-cb0247be833c,0,2,0,0,0,0,0,0,0,0,0,0
a2f5ba72-4d33-45ee-acbd-b892eb4e28b4,0,1,0,0,0,0,0,1,0,0,0,0
c84dd3bd-d57a-49f6-9143-96426c27728e,0,1,0,0,0,0,0,0,0,1,0,0
bcfccde9-b41e-40e8-83d3-03f645b114bc,0,1,0,0,0,0,0,0,0,0,1,0
0cd7054c-2b36-4ba8-b550-2e1b5445e35f,0,1,0,0,0,0,0,0,1,0,0,0
f3b3fcf8-20c1-4a81-87e2-07f1873fdba8,1,0,0,0,0,0,0,0,0,1,0,0
136ca39c-9871-41af-98aa-8874f37a8bd2,0,2,0,0,0,0,0,0,0,0,0,0
c17b3c5c-5689-4607-900a-0b89d1dcd8de,0,0,0,0,0,0,0,0,0,2,0,0
db8151fa-1d08-4ba8-b942-4940e9cd9bff,0,0,0,1,0,0,0,0,0,1,0,0
4f84a194-8e87-4202-8786-f0875925948a,0,0,0,1,0,0,0,0,0,1,0,0
c38cd7f7-7c09-4758-ac1f-a85ecb3b70b0,0,2,0,0,0,0,0,0,0,0,0,0
8f4ef0ca-65a1-4087-8601-124ef2a97fc1,0,2,0,0,0,0,0,0,0,0,0,0
7dc29793-f976-4a1d-9fa6-368465415f36,0,2,1,0,0,0,0,0,0,0,0,0
29238584-ad9a-4c8e-9541-10789b05d860,0,0,0,0,1,0,0,0,0,1,0,0
1f3afcc9-8f47-4031-959e-948f8d01ac2a,1,0,0,0,0,0,0,0,0,1,0,0
2c3b7a1c-8c29-483e-b113-dfef608eff5f,0,1,0,0,0,0,0,0,0,1,0,0
813e9d3b-33c7-4b7d-b2ab-dffaf7219220,0,1,0,0,0,0,0,0,0,1,0,0
73c62888-ad10-4462-b7a0-d9cb9b928995,1,0,0,0,0,0,0,0,0,1,0,0
153e78cd-33a0-4a41-8277-db0315fbd3d2,0,2,0,0,0,0,0,0,0,0,0,0
ea96aad4-1485-4fd5-802c-2618c6e5ee71,0,1,0,0,0,0,0,0,0,1,0,0
618ce942-3136-49ef-826e-c5fc282de426,0,1,0,0,0,0,0,0,0,1,0,0
8baa40bc-ed1d-4f58-a718-a39ac5ed688a,0,1,0,1,0,0,0,0,0,0,0,0
759fde7c-6152-45bc-8f23-127925ab48b1,0,1,0,0,0,0,0,2,0,0,0,0
1faee202-e206-4fb6-89b6-0d2c2f5a4bc4,0,0,1,0,0,0,1,0,0,1,0,0
6ebd1194-b1f2-4b4a-b1cb-be78858bfb63,0,2,0,0,0,0,0,0,0,0,0,0
48d0092d-eb35-4128-8679-cd310fd4461d,0,0,0,0,0,0,1,0,0,0,0,0
739b0f74-7340-4501-9f1f-f3e43ca4be4a,0,1,0,0,0,0,0,0,0,1,0,0
686d69ae-ca48-45b9-bb82-3d4fca81fad2,0,1,0,0,0,0,0,0,0,1,0,0
3e01afc5-1110-41da-a66b-a93018de4b3b,1,1,0,0,0,0,0,0,0,1,0,0
c45fe609-3cfa-4ac9-a3b5-d732550b4b59,1,0,0,0,0,0,0,0,0,1,0,0
3dc69976-d4a8-4cd3-8fe0-0b8c7aa14439,0,2,0,0,0,0,0,0,0,1,0,0
04e22224-f969-4a65-9129-0e37a37d5fb4,1,0,0,0,0,0,0,0,0,1,0,0
d1539610-c2f5-4b71-bf20-838074a1653c,0,0,0,0,0,0,0,1,0,0,0,1
4e03442a-78dc-4213-8417-46fd6dc98aa9,0,1,0,0,0,0,0,0,0,0,0,1
a34acc6f-2a8e-402f-a5c7-b9aceedb1c6e,0,1,0,0,0,0,0,0,0,1,0,0
fc45f075-84f7-43d1-be1f-ff824e21f446,1,0,0,0,0,0,0,0,0,1,0,0
f3977fc4-d63f-4bff-bd5f-bb2eb1a48ef8,0,1,0,0,0,0,0,0,0,1,0,0
98a1c88b-ece6-43b6-b4e5-da5f080afbdb,1,0,0,1,0,0,0,0,0,0,0,0
44cc95da-aa1c-4a87-9dca-0cd333be9680,0,0,0,0,0,0,0,0,0,1,0,0
71eadccc-2317-4b84-938a-484df678106a,0,1,0,0,0,0,0,0,1,0,0,0
2f880a8d-7e20-4115-a99c-0bcedd51d36e,0,1,0,0,0,0,0,1,0,0,0,0
ec53b049-9a18-48a9-8fde-da63c4f194be,1,0,0,0,0,0,0,0,0,1,0,0
7e486e28-de3d-4b82-bcea-d592eb108e43,0,2,0,1,0,0,0,1,0,0,0,0
42f34112-9bb0-496c-a8df-7962c702a050,0,1,0,0,0,0,0,0,0,1,0,0
f287eb9c-7208-47a0-b694-62495803f53b,0,1,0,0,0,0,0,0,0,1,0,0
f1919775-907e-49d7-8d32-935556f98b60,0,2,0,0,0,0,0,0,0,0,0,0
129d0c0d-7cc3-4021-a105-9b752ab69b5b,0,2,0,0,0,0,0,0,0,0,0,0
be7d1064-9b22-4a1d-9ada-2c1f87cc5d37,0,1,0,0,0,0,0,0,0,1,0,0
f3d5bd8f-0553-435b-b906-f973b6620f00,0,1,1,0,0,0,0,0,0,0,0,0
c84edf4f-e6d6-40f9-8307-d3418a1987dd,0,0,0,0,0,1,1,0,0,0,0,0
d0add7ed-564b-4252-8add-17ba24b2723d,0,1,1,0,0,0,0,0,0,0,0,0
6caf997a-c771-4c3b-b5b1-db27e4f6bb1c,0,2,0,0,0,0,0,0,0,0,0,0
ef7c297d-78f3-4e54-9d34-f9b8e8f80e8f,0,0,1,1,0,0,0,0,0,0,0,0
53527fc6-d505-4a18-a540-f109882325bc,0,1,1,0,0,0,0,0,0,0,0,0
16506f29-efcb-49a2-9ede-3ddfbe47150c,0,2,0,0,0,0,0,0,0,0,0,0
7358f66a-2744-485a-88dd-20960b73fe47,0,0,0,0,0,0,0,0,0,2,0,0
b8de6231-7e74-40c0-982c-a8bcd780012a,0,0,0,1,0,0,0,0,0,1,0,0
4da2a2b9-2a0f-4ec7-9b63-81f6177ff234,0,0,0,0,0,2,0,0,0,0,0,0
a2348f92-3cb0-460b-a8f9-39dd912932c4,0,2,0,0,0,0,0,0,0,0,0,0
92f76366-d97f-4ada-8f11-54f7589b8df6,0,0,0,1,0,1,0,0,0,0,0,0
a3847df0-5c6d-4b74-8a36-dc1898cf92fb,0,0,0,0,0,0,0,0,0,2,0,0
5b2f12ec-5d30-4448-9182-a4925859168b,0,2,0,0,0,0,0,0,0,0,0,0
e0a3a353-6f07-49ab-a90d-4f1e3450b89e,0,1,0,0,0,1,0,0,0,0,0,0
d03d65c8-9a0c-4540-8011-bd2f861b6e5e,0,0,0,0,0,1,1,0,0,0,0,0
0b962c4e-d9cb-43cb-b289-91fa6b70b5f2,0,0,0,0,0,0,0,0,0,2,0,0
900794b5-4ea5-47f6-b6b1-5293523e9a90,0,2,0,0,0,0,0,0,0,0,0,0
4ad3b476-9a32-4d33-a2d9-7a807e4d9507,0,1,0,0,0,0,0,0,1,0,0,0
db2d28d2-0535-42f1-a63a-f0c7e7098f49,0,0,0,0,0,0,0,0,0,2,0,0
bfc6f060-37d8-425b-9f46-1f461b15b550,0,0,0,0,1,0,0,0,0,1,0,0
01cf0184-df1c-47d9-b0b6-e07988034f5e,0,2,0,0,0,0,0,0,0,0,0,0
17cb5638-6752-4b1a-ac36-63cfa4523314,1,0,0,0,0,0,0,0,0,1,0,0
f8fac13b-d5de-4d8d-ac34-4bf20b4c9150,0,1,0,0,0,0,0,0,1,0,0,0
db9d4b04-9935-4eea-b660-c87ee7399a70,0,1,0,0,0,0,0,0,0,0,0,0
900188d7-0e6d-4760-8ea0-7230de54cc79,0,2,0,0,0,0,0,0,0,0,0,0
04ebd934-1e8e-4505-801d-3af901b50fef,0,1,0,0,0,0,0,0,0,1,0,0
b1d003eb-96a3-4b1a-84dc-1b11e8c42b8d,0,1,0,0,0,0,0,0,0,1,0,0
cb64825b-dd6a-406a-a52f-8fcb97a290d7,0,1,0,0,0,0,0,0,0,0,0,0
4b497eda-a4c2-486c-aa99-e5b41b7930de,0,1,0,0,0,0,0,0,0,1,0,0
11233872-150f-43af-bcba-d817983f088d,0,1,0,0,0,0,1,0,0,0,0,0
b2042f36-29cc-4760-b80f-c24f934c08fe,0,0,0,0,0,0,0,1,0,1,0,0
16fb3ed8-645b-4ae4-8ab4-1ce8f0ad41d5,0,2,0,0,0,0,0,0,0,0,0,0
9bdcabaf-b047-4c9c-813b-397ee2f15b97,0,1,0,0,0,0,0,0,0,1,0,0
174d96c9-5aea-457f-ae6f-5e6f4c28e212,0,0,0,1,0,0,0,1,0,0,0,0
9ea3b1de-2e3f-4017-a13c-5a1905bc3dfa,0,1,0,0,0,0,0,0,0,1,0,0
55a1a8b4-2b7c-4da0-b03a-4fb0c9726522,0,1,0,0,1,0,0,0,0,0,0,0
01c88e56-26a4-4485-b68b-a0820c1400b6,0,0,0,1,0,0,0,0,0,1,0,0
47ed903b-c6aa-4b41-a22c-eef46421b3c9,0,1,1,1,0,0,0,0,0,0,0,0
eeffee88-9572-48b5-84c5-f72431bc5388,0,1,0,1,0,0,0,1,0,0,0,0
4799377c-316d-4a4d-a029-6dad40243d50,2,0,0,0,0,0,0,0,0,1,0,0
1a332304-802b-48f7-8911-0eb349cd5ca7,0,1,0,0,0,0,0,0,0,1,0,0
8395f3d4-e61e-4ddd-a1e3-d6819e2af22c,0,0,0,1,1,0,0,0,0,0,0,0
98a41cfa-4ece-445b-a251-17a06c16cfd5,0,1,0,0,1,0,0,0,0,0,0,0
cf6efb46-cb4a-4e96-92e5-56db1e865689,0,0,0,0,0,0,0,0,0,2,0,0
b291b6d9-3607-48e4-b2db-483b8c90c0b8,0,2,0,0,0,0,0,0,0,0,0,0
fed27f0f-525c-4be4-8c5e-7aa896ce849c,0,1,0,1,0,0,0,0,0,0,0,0
7ea52bd7-1f5c-4261-98c6-db653a5eb7b7,0,1,0,0,0,0,0,0,0,1,0,0
7b1c44fe-97ba-401d-ac2a-87ca884ec5ad,0,1,0,0,0,0,0,0,0,1,0,0
92fab822-c4b6-4ea1-81a6-14ff139b0907,0,2,0,0,0,0,0,0,0,0,0,0
315e18e8-ace3-41d7-bc66-e79ea90ab3c2,0,1,0,0,1,0,0,0,0,0,0,0
4b9a118a-b0dd-46e1-9742-0733781b4954,1,1,0,0,0,0,0,0,0,0,0,0
da83f57f-c0ab-46f4-9fa1-706fc2893236,0,1,0,0,0,0,0,0,0,1,0,0
755209db-d2a9-44cc-a5db-b298f31d09b1,0,1,0,0,0,0,0,0,0,1,0,0
d9e95f5a-bf77-4b06-8e1c-3373d582e423,0,2,0,0,0,0,0,0,0,0,0,0
f7bfd876-00e3-440d-8e9b-2f09c89ec0c6,0,1,0,2,0,0,0,0,0,0,0,0
c0bd106b-5d60-4497-9949-8cc47890cdc7,0,1,0,0,0,0,0,0,0,1,0,0
395813bb-adb8-482f-9183-0563530b9219,0,2,0,0,0,0,0,0,0,0,0,0
06682f1f-57b8-4b16-af62-62825c5f29fd,1,1,0,0,0,0,0,0,0,0,0,0
67d30bc3-bc06-4564-ac8b-83a437ae0017,0,0,0,0,0,1,0,0,0,1,0,0
0475b580-2c40-4898-919d-c9b7ac14de6e,0,1,0,0,0,0,0,0,0,1,0,0
8fc0ce2b-07a7-464d-820f-ba5e65b76634,0,0,0,0,0,0,0,0,0,1,1,0
37986213-8d33-4ec8-8c00-3e05bae6186c,0,2,0,0,0,0,0,0,0,0,0,0
525c0b7d-d595-4c93-88df-36b96a4a24a3,0,3,0,0,0,0,0,0,0,0,0,0
9af0ad4a-9299-4774-a1d8-66a579626fb6,0,2,0,0,0,0,0,0,0,0,0,0
b7fbf412-e620-4639-8e2a-b4ee9223c613,0,1,0,0,0,0,0,0,0,1,0,0
d0f857a0-8838-419b-895b-7cc20cce9bac,0,1,0,0,0,0,0,0,0,1,0,0
81c714ef-f3b4-42d3-8bac-764ffade8b2d,0,1,0,0,0,0,0,0,0,1,0,0
b32619ab-bc77-4c18-9671-831eaa40c1a0,0,1,0,0,0,0,0,0,0,1,0,0
08d03c3f-30e5-416d-bf5d-c3b6d01ac7fe,0,1,0,0,0,0,0,0,0,1,0,0
d2cecfbd-763c-45f3-a745-6901f017701b,0,2,0,0,0,0,0,0,0,0,0,0
5af7aa0e-42bd-4771-aa81-08ec61064ab6,0,1,0,0,0,0,0,0,0,1,0,0
299a9c3e-ec07-4aac-be53-0d1f08fd8547,0,1,0,0,0,0,0,0,0,1,0,0
089654e9-2b4f-4024-8bdf-814d9228ba7f,1,0,0,0,0,0,0,0,0,1,0,0
03dd47d0-fdb0-44e0-9342-ab6df339ba00,0,1,0,0,0,0,0,0,0,1,0,0
bc67e350-069a-4016-a5b8-bc22b3ee8489,0,2,0,0,0,0,0,0,0,0,0,0
5cd049e6-d98c-45fd-9c9e-99c3256ab57f,0,1,0,0,0,0,0,0,0,1,0,0
f19db64b-2c78-4bbe-b0d2-e5821e51db33,1,0,0,0,0,0,0,0,0,1,0,0
08f784be-e75d-4895-9baa-b1536406039d,0,0,0,0,0,0,0,0,0,2,0,0
37500e56-cc47-4a00-80f8-f2dd9dc3655c,0,1,0,0,0,0,1,0,0,0,0,0
f44f9990-d285-445a-ac84-f90d81cd11cf,0,1,0,1,0,0,0,0,0,0,0,0
7b200518-b162-47bc-b3b4-efa7812f6ac6,0,0,0,0,0,0,0,0,0,1,0,0
292043db-8b2a-41a7-95e6-ffc6afd8eb75,0,1,0,0,0,0,0,0,0,1,0,0
a7dbe71e-465d-4bf6-934b-384d1b08b752,0,0,0,0,0,0,0,0,0,1,0,1
034b535f-fa4b-498b-892f-972a823c4e25,1,0,0,0,0,0,0,0,0,1,0,0
7485151e-4841-489b-8579-fc9de9d50b88,0,0,0,0,0,0,0,0,0,1,0,0
63011fbd-030b-419e-a6e1-c3105fed7bdb,0,1,0,0,0,0,0,0,0,0,0,0
b539ebae-4c58-419d-afac-e09572c7733f,1,0,0,0,0,0,0,0,0,1,0,0
50974897-9b0c-4dea-8bde-24b73aa6f1ee,0,2,0,0,0,0,0,0,0,0,0,0
a32a1f9f-9bb0-44da-8a23-abe8a6c0794b,0,0,1,0,0,1,0,0,0,0,0,0
3c85368e-581d-4e08-8bba-075febeb741b,0,2,0,0,0,0,0,0,0,0,0,0
9bca4451-d697-4f26-98fe-ae3c4195586f,0,0,0,0,0,0,0,0,0,1,0,0
c70f86a4-0938-44af-9be2-ee48606c5310,0,1,0,1,0,0,0,0,0,0,0,0
ae543693-8b53-4b03-8981-cd3a95d08740,0,2,0,0,0,0,0,0,0,0,0,0
a77a9dbc-12ea-4aae-bc20-df25243a34e4,0,2,0,0,0,0,0,0,0,1,0,0
d61d6407-01a4-4a31-b95a-0da018773f09,0,1,0,0,0,0,0,0,0,1,0,0
8eaceb9e-8a06-4e66-91c8-9c586ff8821c,1,0,0,0,0,0,0,0,0,1,0,0
48694a1c-dd32-4856-b37f-8a3d0444e8ec,0,1,0,0,0,0,0,0,0,1,0,1
d38a6c56-c44c-4be6-9d5d-84cf20759ad9,0,1,0,0,0,0,0,0,0,1,0,0
7e8f7059-b819-4fea-9918-2eec0998923d,0,0,0,0,0,0,0,0,0,1,0,1
be428a37-a567-4327-8c78-ce5187422b0a,0,0,1,1,0,0,0,0,0,0,0,0
c6e1f86b-0b52-4ba3-900d-341d73417e52,0,0,0,0,0,0,0,1,0,0,0,1
6a2f1b79-8bef-443a-83d6-0eaa50110d50,0,1,0,0,0,0,0,0,0,1,0,0
e6b2ebea-a935-4a54-8b16-89c12fb34fa3,0,0,0,0,0,0,0,0,0,2,0,0
43320ccf-1b15-42a4-93b4-19a19f4b3a31,0,1,0,0,0,0,0,1,0,0,0,0
01e33cd9-1016-4ef1-a2ef-4dc55497e1c7,1,1,0,0,0,0,0,0,0,0,0,0
b4c266b5-99f1-437c-8ea0-c9bf93a1e405,0,1,0,0,0,0,0,1,0,0,0,0
9594606a-bfad-4068-b269-1bc36c2d281e,0,1,0,1,0,0,0,0,0,1,0,0
ecc6f75f-72bb-4215-908a-0d832ff542e9,0,0,0,1,0,0,0,0,0,1,0,0
ec079772-76c7-4135-88c6-d93df81c09d6,0,1,0,0,0,0,0,0,0,1,0,0
8fcbb317-caf9-4ce3-9d39-7837dd5e3ced,0,2,0,0,0,0,0,0,0,0,0,0
be971ad6-79a7-457f-b1b2-eb478b36d42a,0,1,0,0,0,1,0,0,0,0,0,0
ddd9b3e9-2943-4894-8fa3-480b97f8e643,0,0,0,1,0,0,0,0,0,1,0,0
a1e021ae-ec08-4aff-8a57-a402e52047bf,0,0,1,0,0,1,0,0,0,0,0,0
0baedfed-4751-41c7-9e4e-87d8298d2a9a,0,1,0,0,1,0,0,0,0,0,0,0
e02680ba-e353-42f4-b86e-2ca6208dd042,0,0,0,0,0,1,0,0,0,0,0,0
ffc5273c-fc1c-4cb3-afd7-3d0afbae700e,0,0,0,0,0,0,0,1,0,0,0,2
d95eed8c-5a24-48e2-8ded-98ee4f63b25c,0,0,0,0,0,0,0,0,0,1,0,0
baf91ddd-e775-40c5-8fac-4bda4d784c40,0,0,0,0,0,0,0,0,0,2,0,0
a84664fc-3a48-4562-a05e-ceb9a30b4cc5,0,0,0,0,0,0,0,0,0,2,0,0
bb34860f-ea31-48a4-98dd-b6a28840d489,0,1,0,0,0,0,0,0,0,1,0,0
4772056f-9da2-482c-b562-783fc3d0cc7e,0,2,0,0,0,0,0,0,0,0,0,0
f113da39-2227-41ae-9dae-0ca259174dee,0,1,0,0,0,0,0,0,0,1,0,0
a7530348-a0bd-40a6-b16a-573513fbb78b,0,1,0,0,0,0,0,0,0,1,0,0
1ff6656c-3690-4039-9990-9f79288f54e6,1,0,0,0,0,0,0,0,0,1,0,0
abafbf7a-6077-4def-9da4-345da26f51eb,0,2,0,1,0,0,0,0,0,1,0,0
42b0d321-bf6e-4d7a-90de-dc37b9f75d4d,0,0,0,0,1,0,0,0,0,1,0,0
641eaa42-a8c1-4c57-ba5e-40cae6aeb01e,0,0,1,0,0,0,0,0,0,1,0,0
26141bf1-c64d-44ab-97d6-66952f4339d2,0,1,0,1,0,0,0,1,0,0,0,0
3a801ac1-423d-4dd6-ae21-d0255f634a6b,0,0,0,0,0,0,0,0,0,1,0,0
47a0220a-9227-4c86-b1a8-ce3a27ed6aee,0,2,0,0,0,0,0,0,0,0,0,0
c201fcf6-570e-495b-8c09-69c8b76cbd7c,0,1,0,0,0,0,0,1,0,0,0,0
8576cbb5-5caf-41d3-b3d7-e8c63ca2c8ca,0,0,1,0,0,0,0,0,0,1,0,0
f2a79a30-9b0c-46bf-898e-e4eba5c85e3c,0,0,0,1,0,0,0,1,0,0,0,0
5e97eb4c-d659-442d-bcb6-2e22305099e4,0,0,0,0,0,0,0,1,0,0,0,0
78e69d94-37c2-4824-bca1-c4aede699768,0,1,0,1,0,0,0,0,0,0,0,0
c0122283-088f-43af-bd93-7ec2346b9e9c,0,1,0,0,0,0,0,0,0,1,0,0
45be8e3c-0d42-4e92-97f4-f808605024ec,0,0,0,0,0,0,0,0,0,2,0,0
28a0434b-ea83-4a25-bec0-b3a88f8e810b,0,1,0,0,0,0,0,1,0,0,0,0
166b5527-1e0a-4457-ba7c-0c0ca086eee6,0,2,0,0,0,0,0,0,0,0,0,0
cd2d2650-23c5-4545-ae93-ee2a4299a080,0,1,0,1,0,0,0,0,0,0,0,0
4ca1a506-dc5b-437c-b1d4-00312df174ac,0,0,0,0,0,0,0,0,0,1,0,0
e23b5a1d-5226-4ddb-b66a-1d7f29fa25fb,0,1,0,0,0,0,0,0,0,1,0,0
3ac952b1-7b2d-4118-89f7-af967aeadfd4,0,1,0,0,0,0,0,0,0,1,0,0
a2264839-de3b-4359-9784-0455d8a6e0d7,1,1,0,0,0,0,0,0,0,0,0,0
3cd7fdd5-612b-4c16-98af-34f55ae0772f,0,0,0,0,0,0,1,0,0,0,0,0
07b83b20-a729-45ed-bb18-062e2716da5f,0,1,0,0,0,0,0,1,0,0,0,0
19dd2198-78b7-489e-b0e4-005ed810f3de,0,2,0,0,0,0,0,0,0,0,0,0
c7b1b7a5-b97f-4fb6-b76c-81a5d141a00c,0,1,0,0,0,0,0,0,0,1,0,0
138c26c2-f604-4551-9820-318b8b827705,0,2,0,0,0,0,0,0,0,0,0,0
7b6cc578-7184-4f50-9a78-0fd7cca5c08c,0,2,0,0,0,0,0,0,0,0,0,0
c078c3d4-c3c5-46b5-871d-bd44dc03d08f,0,3,0,0,0,0,0,0,0,0,0,0
5fc39808-fdb7-4f68-82d3-c52114861d91,0,2,0,0,0,0,0,0,0,0,0,0
113098f3-af44-4a8f-bdf0-84907bb8340a,0,1,0,0,0,1,0,0,0,0,0,0
1dbff781-14d8-4e18-aad2-14abd7996429,0,1,0,1,0,0,0,0,0,0,0,0
1faf2de3-8fbf-49a8-aeb5-b02a29d0201b,0,2,0,0,0,0,0,0,0,0,0,0
619e3cbd-ebaf-4ba4-9694-d85568276502,0,1,0,0,0,0,0,0,0,1,0,0
7f44904f-d68b-410c-807d-987b80e86820,0,1,0,0,0,0,0,0,0,1,0,0
741ed731-ab99-47c1-9ecc-823c644d4f4f,0,2,0,0,0,0,0,0,0,0,0,0
c6bc7e2f-76e4-4d3c-8aa5-cc0d4c947475,0,1,0,0,0,0,0,0,0,1,0,0
92c28d5d-4f27-4039-960b-449dd1fc2861,0,1,0,0,0,0,0,0,0,0,0,0
6a698a73-b9b7-45a7-bd6c-dd7bee47fe82,0,0,0,1,0,0,0,0,0,1,0,0
e2755980-6df4-41c9-adb7-2000d2d2979e,0,2,0,0,0,0,0,0,0,0,0,0
0bba6191-cede-4ba8-9342-015664cfd75c,1,0,0,0,0,0,0,0,0,1,0,0
8cd3d537-f994-4705-a659-8ebda69852a2,0,2,0,0,0,0,0,0,0,0,0,0
ad525111-9b30-4695-984f-a423fef014df,0,0,0,0,0,0,0,0,0,1,0,0
77a316d0-78e3-42a2-bb61-a2a715d5df5d,0,0,0,0,0,0,0,0,0,1,0,0
4fd647ad-52dd-472a-b871-27af9a36160b,0,2,0,0,0,0,0,0,0,1,0,0
304bcf03-0d7d-4896-b64b-215a286002f9,0,1,0,0,0,0,0,0,0,1,0,0
e412eeed-c14b-4ff4-88f0-df601481f3d8,0,1,0,0,0,0,0,0,0,1,0,0
e063e1dd-2851-4ca2-94f4-3cfd425915b0,0,2,0,0,0,0,0,0,0,1,0,0
f7cbb5fb-83dd-4409-b579-b11fc29c11bb,0,2,0,0,0,0,0,0,0,0,0,0
ec8c0aba-487d-4666-b783-b3f7627f39cf,0,2,0,0,0,0,0,0,0,0,0,0
4c6d8265-8911-43ff-bc42-d4a50c478705,0,1,0,0,0,0,0,1,0,0,0,0
ef0d6a9a-7988-47bc-8d80-ba212ec30cb1,0,0,0,0,0,1,0,0,0,1,0,0
00303055-d8d9-4eff-a3d6-be607e022c79,0,2,0,0,0,0,0,0,0,0,0,0
d704c7b8-6501-43a4-96bc-dad05422c1d1,0,1,0,0,0,0,0,0,0,1,0,0
bc872865-01c8-46bf-80ba-b26bee76a412,0,1,0,0,1,0,0,0,0,0,0,0
dd74cd8b-c732-4ef5-91c7-dbe1565914c5,0,1,0,0,0,0,0,0,0,1,0,0
d9b3b584-8ab8-4b20-a55a-18c610bfc3ec,0,1,0,0,0,0,0,0,0,1,0,0
2b62150a-c0da-4c5e-9c84-a6a59fb19dfd,0,2,0,0,0,0,0,0,0,0,0,0
be532175-feca-446f-ac0d-ae541d5d2ae8,0,1,0,0,0,0,0,1,0,0,0,0
261a64a2-f3c6-49c4-a3e8-c0efbcfae367,0,1,0,0,0,0,0,0,1,0,0,0
3668dcaa-a05f-4aca-a0f3-10cf0ca0f5a4,0,1,0,1,0,0,0,0,0,0,0,0
319490ba-95ac-4f70-9f9d-0972f701ca47,0,1,0,0,0,1,0,0,0,0,0,0
221a08d2-bb04-47ea-a8b9-2b6120bf1dea,0,0,0,0,0,1,0,0,0,1,0,0
dca7d6a4-5106-4a9a-b532-05dbb58d4a74,1,0,0,1,0,0,0,0,0,0,0,0
364f4d2e-54a5-4a1c-9c5a-951deac8b2e6,0,0,0,2,0,0,0,0,0,0,0,0
f5df0409-0e61-432f-8f5f-71cfd9d9af0c,0,1,0,0,0,1,0,0,0,0,0,0
f8695bd9-62e1-430e-8031-968f92e146c5,0,1,0,1,0,0,0,0,0,0,0,0
965ab946-936c-4bf9-9421-fd375f0ab0d7,1,0,0,0,0,0,0,0,0,1,0,0
89a156be-772a-4945-bfc1-760362b04459,0,1,0,0,0,0,0,0,0,1,0,0
426fe9d6-e554-4e91-8103-f6db76c28842,0,1,0,0,0,1,0,0,0,0,0,0
7383ee57-8de6-4cc5-83f9-60d3e07be4c4,1,0,0,0,0,0,0,1,0,0,0,0
fcf1dd18-9fa8-498f-b354-cf1b7f3b3cfd,0,1,0,0,0,0,0,0,0,0,1,0
7b91afd4-b3df-4a0d-ba3e-b22d866602b9,0,0,2,0,0,0,0,0,0,0,0,0
8d403231-5b45-4041-ab20-c89ecb5d9844,0,0,0,0,0,0,0,0,0,2,0,0
fb5f25d7-c37c-467e-9d6d-6375b909f1b7,0,2,0,1,0,0,0,0,0,0,0,0
9d8e304c-38d7-442d-b913-b5184e754d96,1,0,0,0,0,0,0,0,0,1,0,0
8d517618-bd21-49ed-ae0d-08c35c11c2be,0,0,0,0,0,0,0,2,0,0,0,0
303620bb-5fa3-4e71-b082-6236049e3e8a,0,0,0,0,0,0,0,0,0,2,0,0
5e957f35-8ceb-4ac2-8979-f53f02c2e20b,0,1,0,1,0,0,0,0,0,0,0,0
9e6a4118-e1df-430a-8744-720ed52cb25f,0,2,0,0,0,0,0,0,0,0,0,0
fd014384-832b-46ef-b52c-bb33afd446b5,0,0,0,0,1,0,0,0,0,1,0,0
f6ee7b3f-589c-4544-ab3f-19db3f529842,1,0,0,0,0,0,0,0,0,1,0,0
5f1090d2-90a1-4fb5-9caf-d80d43fd9f76,0,0,0,0,0,0,0,0,0,2,0,0
4f86bd8e-2187-4ecd-bdba-a679607ab634,0,1,0,0,0,0,0,1,0,0,0,0
36c7b431-1537-465f-beaf-9c2e3e213a58,0,2,0,0,0,0,0,0,0,0,0,0
11ca74c6-2a47-4912-b6df-0e46c7ce1b50,0,1,0,0,0,0,0,0,0,1,0,0
bb062dce-066c-4d21-86db-3fd4063184c4,0,1,0,1,0,0,0,0,0,0,0,0
a4c9e05b-d4ec-4cd4-89c0-8d7de67de903,0,2,0,0,0,0,0,0,0,0,0,0
c3ec5e41-4564-43db-a1c0-4f0e83d7f281,0,2,0,0,0,0,0,0,0,0,0,0
807383f1-f160-46b8-bf22-fcdb7e0149b4,0,2,0,0,0,0,0,0,0,0,0,0
dfa1b441-e13c-4a90-ae3d-f72651e285c3,0,0,0,0,0,0,0,0,1,0,0,1
c05ff808-2472-4869-8859-9991a8c65b5c,0,1,0,1,0,0,0,0,0,0,0,0
ea12c96e-a816-4e64-aa30-a86622021ba9,0,1,1,0,0,0,0,0,0,0,0,0
e19d9a31-0808-4951-a683-f81cbf6256c2,0,1,0,0,0,1,0,0,0,1,0,0
164efc84-8a55-401e-8a38-c129fff43517,0,0,0,1,0,0,0,0,0,0,0,1
d4f2422d-0675-4283-8f41-8b084bd6c8de,1,0,0,0,0,0,0,0,0,1,0,0
a5753197-2378-4e04-b68d-9db6800db114,0,2,0,0,0,0,0,0,0,0,0,0
19960132-a459-4259-b944-329f9b17e778,0,2,0,0,0,0,0,0,0,0,0,0
9f1596ab-f4f8-44a3-8846-205a03a6b7d5,0,2,0,0,0,0,0,0,0,0,0,0
0c28c7c0-82c6-4d7b-badc-129293fb001f,0,2,0,0,0,0,0,0,0,0,0,0
9861b71b-7828-4854-9c5d-cb2c534c85f9,0,1,0,1,0,0,0,0,0,0,0,0
660c6c23-2822-4b8c-8a48-df281b93a16c,0,1,0,0,0,0,0,0,0,1,0,0
dd3a0861-3a4b-4af0-bd24-6654e0262570,0,1,2,0,0,0,0,0,0,0,0,0
2b3fde66-01e5-4e18-9009-6dcaa3d849bf,0,1,0,0,0,0,0,1,0,0,0,0
1ba459a2-2e05-48c5-b770-0f58071dd848,1,1,0,0,0,0,0,0,0,0,0,0
4def0790-c6a9-4a1c-a9b7-8f66497f1baa,0,1,0,0,0,0,1,0,0,0,0,0
cd43b683-373c-4cb8-8be7-0a7f5e12ef8d,0,1,0,1,0,0,0,0,0,1,0,0
49e34311-ea4c-418b-a643-7e8bb8be9653,0,1,0,0,0,1,0,0,0,0,0,0
344ff95e-0e93-4647-b790-f98479291188,0,1,0,0,0,0,0,0,0,1,0,0
f3092598-5da4-4671-b1a6-e15df47523e1,0,1,0,0,0,0,0,0,0,0,0,1
cad1dfb2-fcad-4128-8c94-f6588c5bf528,0,1,0,0,0,0,0,0,0,0,0,0
d4b41515-4771-458c-8c37-7c85d8c3ab4f,0,1,0,0,0,0,0,0,0,1,0,0
e59a4abe-9e54-463c-8c5a-77a0a4d3656f,0,3,0,0,0,0,0,0,0,1,0,0
044e4b5d-fb78-4525-8368-12d60ed18a40,0,1,0,0,0,0,0,0,0,1,0,0
f4938315-21ff-416a-9336-757e019d85d8,0,0,0,0,0,1,0,0,0,1,0,0
b266774c-afbe-4a77-af66-349768e259a7,1,0,0,0,0,0,0,0,0,3,0,0
0e5b5f64-513b-41cd-b0cb-25011262e9d7,0,2,0,0,0,0,0,0,0,0,0,0
b31cfa38-c89c-4868-8e4f-aab624a25ebb,0,2,0,0,0,0,0,0,0,0,0,0
8b96f26d-a66e-4b03-a725-ae6cf90b02cc,0,1,0,1,0,0,0,0,0,0,0,0
64181bf8-7edb-46bc-99d1-325f190494c8,1,1,0,0,0,0,0,0,0,0,0,0
c1a8ab0b-f12b-4c15-86cd-8378c1c6ea23,0,0,0,0,0,0,0,1,0,1,0,0
62593b10-4aa3-4363-a099-ca0d759919de,0,1,0,0,0,0,0,0,0,0,0,0
774ed56c-ac7f-4711-804a-23a57a58a78d,0,1,0,0,0,0,0,0,0,1,0,0
ff86a074-3958-4e49-9209-fa234189763b,0,1,0,1,0,0,0,0,0,0,0,0
46037fa8-de8a-4fde-9484-73da433921de,0,1,0,1,0,0,0,0,0,0,0,0
07cf2235-ab8c-48e1-a143-efa3114b552d,0,1,0,1,0,0,0,0,0,0,0,0
4eef9b2b-7975-4ddb-a40f-344ee3993417,0,2,0,0,0,0,0,0,0,0,0,0
39e62640-2c61-497e-8be7-557d407a204e,1,1,0,0,0,0,0,0,0,0,0,0
004010fa-7bc2-4ec8-ae04-4a414c17948b,0,0,0,1,0,0,0,0,0,0,1,0
19098474-f11e-412b-a5f7-267f3ac9361a,0,1,0,0,0,0,0,0,0,1,0,0
0f925331-f52b-4f60-ba7e-028659bde13b,0,1,0,0,0,0,0,0,0,1,1,0
e6cfd1ac-9ecf-45c3-9580-9a157fa02b94,0,2,0,0,0,0,0,0,0,0,0,0
8583b39f-98f9-4dae-a285-9e0e98d85f33,0,2,0,0,0,0,0,0,0,0,0,0
cd88f2b4-db2b-484a-8190-f844699f3e57,1,1,0,0,0,0,0,0,0,0,0,0
c18b73cc-695e-4433-bb62-76f0efe0cc83,0,1,0,0,0,0,0,0,0,1,0,0
49cf9490-1135-40aa-a3af-0a4a51780697,0,1,0,0,0,1,0,0,0,1,0,0
5f8fe0a1-4f22-40b0-839e-10f01edb2d3f,0,1,0,0,0,0,0,0,0,0,0,1
55b1ab51-71f3-4dfe-a942-7d31e2bec4e3,0,0,0,0,0,1,0,0,0,1,0,0
4fce3e26-fb71-4a16-9239-05a5af031abe,0,1,0,0,0,0,0,1,0,0,0,0
16d71d49-1692-4ed6-b536-d7b8e395e666,0,2,0,0,0,0,0,0,0,0,0,0
a1055621-0a31-4c89-9012-3993702ae485,0,1,0,0,0,0,0,0,0,1,0,0
cab59ff9-e5b0-49af-8801-876ee9091735,0,0,1,1,0,0,0,0,0,2,0,0
dede27a0-4ee5-46d5-93d4-b62600907095,0,1,0,0,0,0,0,0,0,1,0,0
b1afc0fa-2528-4bdd-a212-85459283b8a1,0,1,0,1,0,0,0,0,0,0,0,0
5357b733-0fe4-4292-b2d5-6b75bbfca8ae,0,1,0,0,0,0,0,1,0,0,0,0
0635a2e0-09c4-4161-8352-31ebcf3755a6,0,1,0,0,0,0,0,0,0,1,0,0
8c46c676-7f57-4aad-b425-e5dd7f0df20a,0,2,0,0,0,0,0,0,0,0,0,0
557bde03-4e46-4301-bb67-631fe47d6ed1,0,1,0,0,0,1,0,0,0,0,0,0
41ff0739-590f-43db-be3a-beb5b8abdeb3,0,2,0,0,0,0,0,0,0,0,0,0
d2f6de09-4e96-41cd-9e77-ea4e38905174,0,1,0,0,0,0,0,0,0,1,0,0
860051d9-5726-4ede-8d70-afd13f6a64c8,0,0,0,0,0,1,0,0,1,0,0,0
caa583ff-d8dc-4d4b-8889-949c50208d21,0,0,0,0,0,2,0,0,0,0,0,0
1a6132ae-1a1f-4cf2-942e-f6818056596f,0,2,0,0,0,0,0,0,0,0,0,0
99f98178-9673-4c80-b99e-f8e0319544a3,0,1,0,0,0,0,0,0,0,1,0,0
90dbbe94-dca1-4ffd-9e2c-0e9ace3d15d6,0,1,0,0,0,0,0,0,0,1,0,0
c1d8b0c2-85e2-402c-9ebb-9dfe7384c770,0,1,0,0,0,1,0,0,0,0,0,0
ce110897-9bf2-4ee2-8835-7a7c15fabe24,0,1,0,1,0,0,0,0,0,0,0,0
a5e71242-3b38-41c3-991e-c9684ef856f6,0,0,0,0,0,1,0,0,0,1,0,0
d6d05c36-d015-4baf-9ab1-a47793abe2c3,0,2,0,0,0,0,0,0,0,0,0,0
9a511cce-8172-4e83-b333-fd3d84afc8bc,0,0,0,1,0,0,0,0,0,1,0,0
64d08cfa-10ef-4863-a4b9-cf88f0179e98,0,0,0,0,0,0,0,0,0,2,0,0
d384b70c-213c-4b3a-8b10-9622e080aaef,0,1,0,0,0,0,0,0,0,1,0,0
079ac04c-fc2d-4f7a-8584-45f2a71812d1,0,0,0,0,0,0,0,0,0,2,0,0
b1ebdd7c-aef6-4c0c-8018-b7e6633f14de,0,0,0,0,0,0,0,0,0,2,0,0
ac3f1759-b300-4e1e-9276-bbcf528e537b,2,0,0,0,0,0,0,0,0,1,0,0
7e6766cd-997f-4488-96f6-5297422dcb72,0,1,0,0,0,0,0,0,0,0,0,1
51d6ef43-d28e-4182-9d48-b5df19cf69f1,0,1,1,0,0,0,0,0,0,0,0,0
8d01dc0a-5e84-4d28-abfb-1f228a698b3d,1,0,0,0,0,0,0,0,0,1,0,0
b973ff4b-d62e-48a1-8c56-e5e3bd4830f3,0,1,0,0,0,0,0,0,0,0,0,0
a24e0251-56cf-4f38-b8b1-183e9eb1710d,0,1,0,0,0,0,0,0,0,1,0,0
9a494988-51e0-4033-b63c-d195876c5961,0,2,0,0,0,0,0,0,0,0,0,0
b83811af-fe82-477e-bacd-da0911b77284,0,1,0,0,0,0,0,0,0,0,0,1
fe486981-a1c3-412d-9942-146445a11711,1,0,0,0,0,0,0,0,0,1,0,0
3849d27b-c101-4a81-bba5-93fe551326d4,0,0,0,0,0,0,0,0,0,0,0,2
b4fc80eb-26e9-4030-b75d-d97c2c2c7865,0,2,0,0,0,0,0,0,0,0,0,0
8182eeb1-e7ec-42e2-8bc1-68a5f138e3cb,0,2,1,0,0,0,0,0,0,0,0,0
17f7b723-3acf-4764-9c4a-4e877b8d6947,0,0,0,0,0,2,0,0,0,0,0,0
f213e52a-cbee-4916-9fbd-40ec067d9426,0,1,0,0,0,1,0,0,0,0,0,0
5d873fc3-5cb0-4c7c-bebe-2a04695aa337,0,2,0,0,0,0,0,0,0,0,0,0
7ee910dc-0bae-462e-ad22-826cd14608b1,0,1,0,0,0,0,0,0,0,1,0,0
f03104e7-a419-4f3c-bd56-21da73f8bf3d,0,2,0,0,0,0,0,0,0,0,0,0
66ee7195-bb84-4712-97bf-0f27f87c8eb8,0,1,0,0,0,0,0,0,0,1,0,0
415c357c-4640-450b-ba47-4368677584ad,0,1,0,0,0,0,0,0,0,1,0,0
40114718-0a7a-4a1c-a0d5-c97e95cd6b6e,0,0,0,0,0,0,0,0,0,2,0,0
b8367adb-650e-4852-8c75-748044a5f453,0,1,0,0,0,0,0,0,0,1,0,0
6e844993-2f9f-4f61-9664-a94a6e8ffedc,0,0,0,0,0,0,0,0,0,1,0,0
d4861f47-dc7b-4024-a946-09ca51457106,0,1,0,0,0,0,0,0,0,1,0,0
75f378c3-ed7f-4b8a-ae1b-1a92b3fea538,0,0,0,0,0,0,0,0,0,2,0,0
089528b3-9bb3-4d3e-9679-db0afdb0c24d,0,2,0,0,0,0,0,0,0,0,0,0
2451b357-045b-4ff0-bc92-9cfe0b30e4c6,0,1,0,0,0,0,0,0,0,1,0,0
6fd8ef8a-7728-4278-9955-8dceeb793a44,0,1,0,0,0,0,0,0,0,1,0,0
35977cc8-0917-43a8-9610-ac13306627c7,0,1,0,0,0,0,0,0,0,2,0,0
23586343-93a7-42fd-92e2-c5c7dda8336b,0,0,0,0,0,0,0,1,0,0,0,1
62f385bc-865d-489d-b2f7-887ff754471f,0,0,0,0,0,0,0,1,0,1,0,0
baad9005-3182-4c6d-9dd8-2073e206409f,0,1,0,0,0,0,0,0,0,0,0,0
d4f04f5e-4139-47de-974c-7eb472764114,0,2,0,0,0,0,0,0,0,0,0,0
ccfb77c8-aa44-4986-b905-5bf3167e80ab,0,1,0,0,0,0,0,0,0,0,1,0
bef4ca55-3de9-40b7-92c2-8e7f782cce05,0,0,0,0,0,0,0,0,0,2,0,0
d446afea-3a8e-4749-9fd7-55c47f525beb,0,1,1,0,0,0,0,0,0,0,0,0
1493e49c-3629-4691-966b-dc53ee494d0b,0,1,0,0,0,0,0,0,0,1,0,0
4d17641a-ab7b-4b8d-803d-767e1f297858,0,0,0,0,0,0,0,0,0,1,0,0
c3055b08-8d04-4598-b471-66262af79738,0,0,1,0,0,0,0,0,0,1,0,0
b61434d7-3e1d-4d96-bb75-2fcbd64beb7f,0,0,0,0,0,1,1,0,0,0,0,0
